<?xml version="1.0" encoding="UTF-8" standalone="yes"?>
<ns2:ExportManifest xmlns:ns2="http://www.pentaho.com/schema/">
    <ExportManifestInformation exportDate="12-05-2017 03:14:53 WEST" exportBy="admin" rootFolder="/home/" manifestVersion="2"/>
    <ExportManifestEntity path="admin">
        <ExportManifestProperty>
            <EntityMetaData name="admin" createdDate="2017-04-27T19:10:41.721+01:00" isFolder="true" path="admin" isHidden="false" locale="en_US" title="admin"/>
        </ExportManifestProperty>
        <ExportManifestProperty>
            <EntityAcl>
                <aces>
                    <permissions>ALL</permissions>
                    <recipient>admin</recipient>
                    <recipientType>USER</recipientType>
                </aces>
                <entriesInheriting>false</entriesInheriting>
                <owner>admin</owner>
                <ownerType>USER</ownerType>
            </EntityAcl>
        </ExportManifestProperty>
    </ExportManifestEntity>
    <ExportManifestEntity path="admin/Bottom_10_Maquinas.xanalyzer">
        <ExportManifestProperty>
            <EntityMetaData name="Bottom_10_Maquinas.xanalyzer" createdDate="2017-05-09T19:26:16.042+01:00" isFolder="false" path="admin/Bottom_10_Maquinas.xanalyzer" isHidden="false" locale="en_US" title="Bottom_10_Maquinas"/>
        </ExportManifestProperty>
        <ExportManifestProperty>
            <EntityAcl>
                <entriesInheriting>true</entriesInheriting>
                <owner>admin</owner>
                <ownerType>USER</ownerType>
            </EntityAcl>
        </ExportManifestProperty>
    </ExportManifestEntity>
    <ExportManifestEntity path="admin/Bottom_4_Produtos.xanalyzer">
        <ExportManifestProperty>
            <EntityMetaData name="Bottom_4_Produtos.xanalyzer" createdDate="2017-05-09T19:11:12.948+01:00" isFolder="false" path="admin/Bottom_4_Produtos.xanalyzer" isHidden="false" locale="en_US" title="Bottom_4_Produtos"/>
        </ExportManifestProperty>
        <ExportManifestProperty>
            <EntityAcl>
                <entriesInheriting>true</entriesInheriting>
                <owner>admin</owner>
                <ownerType>USER</ownerType>
            </EntityAcl>
        </ExportManifestProperty>
    </ExportManifestEntity>
    <ExportManifestEntity path="admin/Dash_Gestor_Clientes.xdash">
        <ExportManifestProperty>
            <EntityMetaData name="Dash_Gestor_Clientes.xdash" createdDate="2017-05-04T15:30:28.013+01:00" isFolder="false" path="admin/Dash_Gestor_Clientes.xdash" isHidden="false" locale="en_US" description="Test_DashBoard.xdash" title="Dash_Gestor_Clientes"/>
        </ExportManifestProperty>
        <ExportManifestProperty>
            <EntityAcl>
                <entriesInheriting>true</entriesInheriting>
                <owner>admin</owner>
                <ownerType>USER</ownerType>
            </EntityAcl>
        </ExportManifestProperty>
    </ExportManifestEntity>
    <ExportManifestEntity path="admin/Dash_Gestor_Empresa.xdash">
        <ExportManifestProperty>
            <EntityMetaData name="Dash_Gestor_Empresa.xdash" createdDate="2017-05-04T18:15:26.733+01:00" isFolder="false" path="admin/Dash_Gestor_Empresa.xdash" isHidden="false" locale="en_US" description="Dash_Gestor_Empresa.xdash" title="Dash_Gestor_Empresa"/>
        </ExportManifestProperty>
        <ExportManifestProperty>
            <EntityAcl>
                <entriesInheriting>true</entriesInheriting>
                <owner>admin</owner>
                <ownerType>USER</ownerType>
            </EntityAcl>
        </ExportManifestProperty>
    </ExportManifestEntity>
    <ExportManifestEntity path="admin/Dash_Gestor_Inventario.xdash">
        <ExportManifestProperty>
            <EntityMetaData name="Dash_Gestor_Inventario.xdash" createdDate="2017-05-05T13:53:50.642+01:00" isFolder="false" path="admin/Dash_Gestor_Inventario.xdash" isHidden="false" locale="en_US" description="Dash_Gestor_Inventario.xdash" title="Dash_Gestor_Inventario"/>
        </ExportManifestProperty>
        <ExportManifestProperty>
            <EntityAcl>
                <entriesInheriting>true</entriesInheriting>
                <owner>admin</owner>
                <ownerType>USER</ownerType>
            </EntityAcl>
        </ExportManifestProperty>
    </ExportManifestEntity>
    <ExportManifestEntity path="admin/Dist_Gen_Lucro.xanalyzer">
        <ExportManifestProperty>
            <EntityMetaData name="Dist_Gen_Lucro.xanalyzer" createdDate="2017-05-03T22:32:55.649+01:00" isFolder="false" path="admin/Dist_Gen_Lucro.xanalyzer" isHidden="false" locale="en_US" title="Dist_Gen_Lucro"/>
        </ExportManifestProperty>
        <ExportManifestProperty>
            <EntityAcl>
                <entriesInheriting>true</entriesInheriting>
                <owner>admin</owner>
                <ownerType>USER</ownerType>
            </EntityAcl>
        </ExportManifestProperty>
    </ExportManifestEntity>
    <ExportManifestEntity path="admin/Lucro_Distrito.xanalyzer">
        <ExportManifestProperty>
            <EntityMetaData name="Lucro_Distrito.xanalyzer" createdDate="2017-05-04T18:22:36.264+01:00" isFolder="false" path="admin/Lucro_Distrito.xanalyzer" isHidden="false" locale="en_US" title="Lucro_Distrito"/>
        </ExportManifestProperty>
        <ExportManifestProperty>
            <EntityAcl>
                <entriesInheriting>true</entriesInheriting>
                <owner>admin</owner>
                <ownerType>USER</ownerType>
            </EntityAcl>
        </ExportManifestProperty>
    </ExportManifestEntity>
    <ExportManifestEntity path="admin/Lucro_Gen.xanalyzer">
        <ExportManifestProperty>
            <EntityMetaData name="Lucro_Gen.xanalyzer" createdDate="2017-05-04T17:43:15.520+01:00" isFolder="false" path="admin/Lucro_Gen.xanalyzer" isHidden="false" locale="en_US" title="Lucro_Gen"/>
        </ExportManifestProperty>
        <ExportManifestProperty>
            <EntityAcl>
                <entriesInheriting>true</entriesInheriting>
                <owner>admin</owner>
                <ownerType>USER</ownerType>
            </EntityAcl>
        </ExportManifestProperty>
    </ExportManifestEntity>
    <ExportManifestEntity path="admin/Lucro_Hora.xanalyzer">
        <ExportManifestProperty>
            <EntityMetaData name="Lucro_Hora.xanalyzer" createdDate="2017-05-04T18:31:51.003+01:00" isFolder="false" path="admin/Lucro_Hora.xanalyzer" isHidden="false" locale="en_US" title="Lucro_Hora"/>
        </ExportManifestProperty>
        <ExportManifestProperty>
            <EntityAcl>
                <entriesInheriting>true</entriesInheriting>
                <owner>admin</owner>
                <ownerType>USER</ownerType>
            </EntityAcl>
        </ExportManifestProperty>
    </ExportManifestEntity>
    <ExportManifestEntity path="admin/Lucro_Idade.xanalyzer">
        <ExportManifestProperty>
            <EntityMetaData name="Lucro_Idade.xanalyzer" createdDate="2017-05-04T16:23:17.773+01:00" isFolder="false" path="admin/Lucro_Idade.xanalyzer" isHidden="false" locale="en_US" title="Lucro_Idade"/>
        </ExportManifestProperty>
        <ExportManifestProperty>
            <EntityAcl>
                <entriesInheriting>true</entriesInheriting>
                <owner>admin</owner>
                <ownerType>USER</ownerType>
            </EntityAcl>
        </ExportManifestProperty>
    </ExportManifestEntity>
    <ExportManifestEntity path="admin/Lucro_Maquina.xanalyzer">
        <ExportManifestProperty>
            <EntityMetaData name="Lucro_Maquina.xanalyzer" createdDate="2017-05-09T18:56:46.260+01:00" isFolder="false" path="admin/Lucro_Maquina.xanalyzer" isHidden="false" locale="en_US" title="Lucro_Maquina"/>
        </ExportManifestProperty>
        <ExportManifestProperty>
            <EntityAcl>
                <entriesInheriting>true</entriesInheriting>
                <owner>admin</owner>
                <ownerType>USER</ownerType>
            </EntityAcl>
        </ExportManifestProperty>
    </ExportManifestEntity>
    <ExportManifestEntity path="admin/Lucro_Periodo.xanalyzer">
        <ExportManifestProperty>
            <EntityMetaData name="Lucro_Periodo.xanalyzer" createdDate="2017-05-04T18:37:37.274+01:00" isFolder="false" path="admin/Lucro_Periodo.xanalyzer" isHidden="false" locale="en_US" title="Lucro_Periodo"/>
        </ExportManifestProperty>
        <ExportManifestProperty>
            <EntityAcl>
                <entriesInheriting>true</entriesInheriting>
                <owner>admin</owner>
                <ownerType>USER</ownerType>
            </EntityAcl>
        </ExportManifestProperty>
    </ExportManifestEntity>
    <ExportManifestEntity path="admin/Lucro_Prof.xanalyzer">
        <ExportManifestProperty>
            <EntityMetaData name="Lucro_Prof.xanalyzer" createdDate="2017-05-04T18:08:13.001+01:00" isFolder="false" path="admin/Lucro_Prof.xanalyzer" isHidden="false" locale="en_US" title="Lucro_Prof"/>
        </ExportManifestProperty>
        <ExportManifestProperty>
            <EntityAcl>
                <entriesInheriting>true</entriesInheriting>
                <owner>admin</owner>
                <ownerType>USER</ownerType>
            </EntityAcl>
        </ExportManifestProperty>
    </ExportManifestEntity>
    <ExportManifestEntity path="admin/Lucro_Tempo.xanalyzer">
        <ExportManifestProperty>
            <EntityMetaData name="Lucro_Tempo.xanalyzer" createdDate="2017-05-04T18:53:38.387+01:00" isFolder="false" path="admin/Lucro_Tempo.xanalyzer" isHidden="false" locale="en_US" title="Lucro_Tempo"/>
        </ExportManifestProperty>
        <ExportManifestProperty>
            <EntityAcl>
                <entriesInheriting>true</entriesInheriting>
                <owner>admin</owner>
                <ownerType>USER</ownerType>
            </EntityAcl>
        </ExportManifestProperty>
    </ExportManifestEntity>
    <ExportManifestEntity path="admin/Stock_Produto.xanalyzer">
        <ExportManifestProperty>
            <EntityMetaData name="Stock_Produto.xanalyzer" createdDate="2017-05-05T14:22:20.045+01:00" isFolder="false" path="admin/Stock_Produto.xanalyzer" isHidden="false" locale="en_US" title="Stock_Produto"/>
        </ExportManifestProperty>
        <ExportManifestProperty>
            <EntityAcl>
                <entriesInheriting>true</entriesInheriting>
                <owner>admin</owner>
                <ownerType>USER</ownerType>
            </EntityAcl>
        </ExportManifestProperty>
    </ExportManifestEntity>
    <ExportManifestEntity path="admin/Teste.cdfde">
        <ExportManifestProperty>
            <EntityMetaData name="Teste.cdfde" createdDate="2017-05-03T18:29:30.445+01:00" isFolder="false" path="admin/Teste.cdfde" isHidden="false" locale="en_US" title="Teste.cdfde"/>
        </ExportManifestProperty>
        <ExportManifestProperty>
            <EntityAcl>
                <entriesInheriting>true</entriesInheriting>
                <owner>admin</owner>
                <ownerType>USER</ownerType>
            </EntityAcl>
        </ExportManifestProperty>
    </ExportManifestEntity>
    <ExportManifestEntity path="admin/Teste.wcdf">
        <ExportManifestProperty>
            <EntityMetaData name="Teste.wcdf" createdDate="2017-05-03T18:29:30.387+01:00" isFolder="false" path="admin/Teste.wcdf" isHidden="false" locale="en_US" description="Teste" title="Teste"/>
        </ExportManifestProperty>
        <ExportManifestProperty>
            <EntityAcl>
                <entriesInheriting>true</entriesInheriting>
                <owner>admin</owner>
                <ownerType>USER</ownerType>
            </EntityAcl>
        </ExportManifestProperty>
    </ExportManifestEntity>
    <ExportManifestEntity path="admin/Teste1.cdfde">
        <ExportManifestProperty>
            <EntityMetaData name="Teste1.cdfde" createdDate="2017-05-03T19:24:51.236+01:00" isFolder="false" path="admin/Teste1.cdfde" isHidden="false" locale="en_US" title="Teste1.cdfde"/>
        </ExportManifestProperty>
        <ExportManifestProperty>
            <EntityAcl>
                <entriesInheriting>true</entriesInheriting>
                <owner>admin</owner>
                <ownerType>USER</ownerType>
            </EntityAcl>
        </ExportManifestProperty>
    </ExportManifestEntity>
    <ExportManifestEntity path="admin/Teste1.wcdf">
        <ExportManifestProperty>
            <EntityMetaData name="Teste1.wcdf" createdDate="2017-05-03T19:24:51.145+01:00" isFolder="false" path="admin/Teste1.wcdf" isHidden="false" locale="en_US" description="Teste1" title="Teste1"/>
        </ExportManifestProperty>
        <ExportManifestProperty>
            <EntityAcl>
                <entriesInheriting>true</entriesInheriting>
                <owner>admin</owner>
                <ownerType>USER</ownerType>
            </EntityAcl>
        </ExportManifestProperty>
    </ExportManifestEntity>
    <ExportManifestEntity path="admin/Top_10_Cli.xanalyzer">
        <ExportManifestProperty>
            <EntityMetaData name="Top_10_Cli.xanalyzer" createdDate="2017-05-03T23:11:30.539+01:00" isFolder="false" path="admin/Top_10_Cli.xanalyzer" isHidden="false" locale="en_US" title="Top_10_Cli"/>
        </ExportManifestProperty>
        <ExportManifestProperty>
            <EntityAcl>
                <entriesInheriting>true</entriesInheriting>
                <owner>admin</owner>
                <ownerType>USER</ownerType>
            </EntityAcl>
        </ExportManifestProperty>
    </ExportManifestEntity>
    <ExportManifestEntity path="admin/Top_10_Maquinas.xanalyzer">
        <ExportManifestProperty>
            <EntityMetaData name="Top_10_Maquinas.xanalyzer" createdDate="2017-05-09T19:22:54.030+01:00" isFolder="false" path="admin/Top_10_Maquinas.xanalyzer" isHidden="false" locale="en_US" title="Top_10_Maquinas"/>
        </ExportManifestProperty>
        <ExportManifestProperty>
            <EntityAcl>
                <entriesInheriting>true</entriesInheriting>
                <owner>admin</owner>
                <ownerType>USER</ownerType>
            </EntityAcl>
        </ExportManifestProperty>
    </ExportManifestEntity>
    <ExportManifestEntity path="admin/Top_4_Produtos.xanalyzer">
        <ExportManifestProperty>
            <EntityMetaData name="Top_4_Produtos.xanalyzer" createdDate="2017-05-09T19:12:58.503+01:00" isFolder="false" path="admin/Top_4_Produtos.xanalyzer" isHidden="false" locale="en_US" title="Top_4_Produtos"/>
        </ExportManifestProperty>
        <ExportManifestProperty>
            <EntityAcl>
                <entriesInheriting>true</entriesInheriting>
                <owner>admin</owner>
                <ownerType>USER</ownerType>
            </EntityAcl>
        </ExportManifestProperty>
    </ExportManifestEntity>
    <ExportManifestEntity path="admin/Vendas_Distrito.xanalyzer">
        <ExportManifestProperty>
            <EntityMetaData name="Vendas_Distrito.xanalyzer" createdDate="2017-05-05T15:24:14.313+01:00" isFolder="false" path="admin/Vendas_Distrito.xanalyzer" isHidden="false" locale="en_US" title="Vendas_Distrito"/>
        </ExportManifestProperty>
        <ExportManifestProperty>
            <EntityAcl>
                <entriesInheriting>true</entriesInheriting>
                <owner>admin</owner>
                <ownerType>USER</ownerType>
            </EntityAcl>
        </ExportManifestProperty>
    </ExportManifestEntity>
    <ExportManifestEntity path="admin/tu.xanalyzer">
        <ExportManifestProperty>
            <EntityMetaData name="tu.xanalyzer" createdDate="2017-05-03T19:02:07.354+01:00" isFolder="false" path="admin/tu.xanalyzer" isHidden="false" locale="en_US" title="tu"/>
        </ExportManifestProperty>
        <ExportManifestProperty>
            <EntityAcl>
                <entriesInheriting>true</entriesInheriting>
                <owner>admin</owner>
                <ownerType>USER</ownerType>
            </EntityAcl>
        </ExportManifestProperty>
    </ExportManifestEntity>
</ns2:ExportManifest>
