<?xml version="1.0" encoding="UTF-8"?>
<DesignerComponent><Contents><Model><Property>htmlObject</Property><Property name="year">year</Property></Model><Implementation supportsLegacy="true" supportsAMD="false"><Code/><Dependencies/><Styles/><CustomProperties><DesignerProperty><Header><Name>year</Name><Parent>BaseProperty</Parent><DefaultValue></DefaultValue><Description>Parameter year</Description><Tooltip>What dashboard parameter should map to widget parameter year?</Tooltip><Advanced>false</Advanced><InputType>Parameter</InputType><OutputType>String</OutputType><Order>1</Order><Version>1.0</Version></Header></DesignerProperty></CustomProperties></Implementation></Contents><Header><Name>widgetSampleWidget</Name><IName>widgetSampleWidget</IName><Description>SampleWidget Widget</Description><Category>WIDGETS</Category><CatDescription>Widgets</CatDescription><Type>PalleteEntry</Type><Version>1.0</Version></Header><Metadata><meta name="wcdf">/public/cde/widgets/sample.wcdf</meta><meta name="widget">true</meta></Metadata></DesignerComponent>
