data,ano,mes,dia_mes,dia_seman,fds
2015-01-01,2015,1,1,5,FALSO
2015-01-02,2015,1,2,6,VERDADEIRO
2015-01-03,2015,1,3,7,VERDADEIRO
2015-01-04,2015,1,4,1,FALSO
2015-01-05,2015,1,5,2,FALSO
2015-01-06,2015,1,6,3,FALSO
2015-01-07,2015,1,7,4,FALSO
2015-01-08,2015,1,8,5,FALSO
2015-01-09,2015,1,9,6,VERDADEIRO
2015-01-10,2015,1,10,7,VERDADEIRO
2015-01-11,2015,1,11,1,FALSO
2015-01-12,2015,1,12,2,FALSO
2015-01-13,2015,1,13,3,FALSO
2015-01-14,2015,1,14,4,FALSO
2015-01-15,2015,1,15,5,FALSO
2015-01-16,2015,1,16,6,VERDADEIRO
2015-01-17,2015,1,17,7,VERDADEIRO
2015-01-18,2015,1,18,1,FALSO
2015-01-19,2015,1,19,2,FALSO
2015-01-20,2015,1,20,3,FALSO
2015-01-21,2015,1,21,4,FALSO
2015-01-22,2015,1,22,5,FALSO
2015-01-23,2015,1,23,6,VERDADEIRO
2015-01-24,2015,1,24,7,VERDADEIRO
2015-01-25,2015,1,25,1,FALSO
2015-01-26,2015,1,26,2,FALSO
2015-01-27,2015,1,27,3,FALSO
2015-01-28,2015,1,28,4,FALSO
2015-01-29,2015,1,29,5,FALSO
2015-01-30,2015,1,30,6,VERDADEIRO
2015-01-31,2015,1,31,7,VERDADEIRO
2015-02-01,2015,2,1,1,FALSO
2015-02-02,2015,2,2,2,FALSO
2015-02-03,2015,2,3,3,FALSO
2015-02-04,2015,2,4,4,FALSO
2015-02-05,2015,2,5,5,FALSO
2015-02-06,2015,2,6,6,VERDADEIRO
2015-02-07,2015,2,7,7,VERDADEIRO
2015-02-08,2015,2,8,1,FALSO
2015-02-09,2015,2,9,2,FALSO
2015-02-10,2015,2,10,3,FALSO
2015-02-11,2015,2,11,4,FALSO
2015-02-12,2015,2,12,5,FALSO
2015-02-13,2015,2,13,6,VERDADEIRO
2015-02-14,2015,2,14,7,VERDADEIRO
2015-02-15,2015,2,15,1,FALSO
2015-02-16,2015,2,16,2,FALSO
2015-02-17,2015,2,17,3,FALSO
2015-02-18,2015,2,18,4,FALSO
2015-02-19,2015,2,19,5,FALSO
2015-02-20,2015,2,20,6,VERDADEIRO
2015-02-21,2015,2,21,7,VERDADEIRO
2015-02-22,2015,2,22,1,FALSO
2015-02-23,2015,2,23,2,FALSO
2015-02-24,2015,2,24,3,FALSO
2015-02-25,2015,2,25,4,FALSO
2015-02-26,2015,2,26,5,FALSO
2015-02-27,2015,2,27,6,VERDADEIRO
2015-02-28,2015,2,28,7,VERDADEIRO
2015-03-01,2015,3,1,1,FALSO
2015-03-02,2015,3,2,2,FALSO
2015-03-03,2015,3,3,3,FALSO
2015-03-04,2015,3,4,4,FALSO
2015-03-05,2015,3,5,5,FALSO
2015-03-06,2015,3,6,6,VERDADEIRO
2015-03-07,2015,3,7,7,VERDADEIRO
2015-03-08,2015,3,8,1,FALSO
2015-03-09,2015,3,9,2,FALSO
2015-03-10,2015,3,10,3,FALSO
2015-03-11,2015,3,11,4,FALSO
2015-03-12,2015,3,12,5,FALSO
2015-03-13,2015,3,13,6,VERDADEIRO
2015-03-14,2015,3,14,7,VERDADEIRO
2015-03-15,2015,3,15,1,FALSO
2015-03-16,2015,3,16,2,FALSO
2015-03-17,2015,3,17,3,FALSO
2015-03-18,2015,3,18,4,FALSO
2015-03-19,2015,3,19,5,FALSO
2015-03-20,2015,3,20,6,VERDADEIRO
2015-03-21,2015,3,21,7,VERDADEIRO
2015-03-22,2015,3,22,1,FALSO
2015-03-23,2015,3,23,2,FALSO
2015-03-24,2015,3,24,3,FALSO
2015-03-25,2015,3,25,4,FALSO
2015-03-26,2015,3,26,5,FALSO
2015-03-27,2015,3,27,6,VERDADEIRO
2015-03-28,2015,3,28,7,VERDADEIRO
2015-03-29,2015,3,29,1,FALSO
2015-03-30,2015,3,30,2,FALSO
2015-03-31,2015,3,31,3,FALSO
2015-04-01,2015,4,1,4,FALSO
2015-04-02,2015,4,2,5,FALSO
2015-04-03,2015,4,3,6,VERDADEIRO
2015-04-04,2015,4,4,7,VERDADEIRO
2015-04-05,2015,4,5,1,FALSO
2015-04-06,2015,4,6,2,FALSO
2015-04-07,2015,4,7,3,FALSO
2015-04-08,2015,4,8,4,FALSO
2015-04-09,2015,4,9,5,FALSO
2015-04-10,2015,4,10,6,VERDADEIRO
2015-04-11,2015,4,11,7,VERDADEIRO
2015-04-12,2015,4,12,1,FALSO
2015-04-13,2015,4,13,2,FALSO
2015-04-14,2015,4,14,3,FALSO
2015-04-15,2015,4,15,4,FALSO
2015-04-16,2015,4,16,5,FALSO
2015-04-17,2015,4,17,6,VERDADEIRO
2015-04-18,2015,4,18,7,VERDADEIRO
2015-04-19,2015,4,19,1,FALSO
2015-04-20,2015,4,20,2,FALSO
2015-04-21,2015,4,21,3,FALSO
2015-04-22,2015,4,22,4,FALSO
2015-04-23,2015,4,23,5,FALSO
2015-04-24,2015,4,24,6,VERDADEIRO
2015-04-25,2015,4,25,7,VERDADEIRO
2015-04-26,2015,4,26,1,FALSO
2015-04-27,2015,4,27,2,FALSO
2015-04-28,2015,4,28,3,FALSO
2015-04-29,2015,4,29,4,FALSO
2015-04-30,2015,4,30,5,FALSO
2015-05-01,2015,5,1,6,VERDADEIRO
2015-05-02,2015,5,2,7,VERDADEIRO
2015-05-03,2015,5,3,1,FALSO
2015-05-04,2015,5,4,2,FALSO
2015-05-05,2015,5,5,3,FALSO
2015-05-06,2015,5,6,4,FALSO
2015-05-07,2015,5,7,5,FALSO
2015-05-08,2015,5,8,6,VERDADEIRO
2015-05-09,2015,5,9,7,VERDADEIRO
2015-05-10,2015,5,10,1,FALSO
2015-05-11,2015,5,11,2,FALSO
2015-05-12,2015,5,12,3,FALSO
2015-05-13,2015,5,13,4,FALSO
2015-05-14,2015,5,14,5,FALSO
2015-05-15,2015,5,15,6,VERDADEIRO
2015-05-16,2015,5,16,7,VERDADEIRO
2015-05-17,2015,5,17,1,FALSO
2015-05-18,2015,5,18,2,FALSO
2015-05-19,2015,5,19,3,FALSO
2015-05-20,2015,5,20,4,FALSO
2015-05-21,2015,5,21,5,FALSO
2015-05-22,2015,5,22,6,VERDADEIRO
2015-05-23,2015,5,23,7,VERDADEIRO
2015-05-24,2015,5,24,1,FALSO
2015-05-25,2015,5,25,2,FALSO
2015-05-26,2015,5,26,3,FALSO
2015-05-27,2015,5,27,4,FALSO
2015-05-28,2015,5,28,5,FALSO
2015-05-29,2015,5,29,6,VERDADEIRO
2015-05-30,2015,5,30,7,VERDADEIRO
2015-05-31,2015,5,31,1,FALSO
2015-06-01,2015,6,1,2,FALSO
2015-06-02,2015,6,2,3,FALSO
2015-06-03,2015,6,3,4,FALSO
2015-06-04,2015,6,4,5,FALSO
2015-06-05,2015,6,5,6,VERDADEIRO
2015-06-06,2015,6,6,7,VERDADEIRO
2015-06-07,2015,6,7,1,FALSO
2015-06-08,2015,6,8,2,FALSO
2015-06-09,2015,6,9,3,FALSO
2015-06-10,2015,6,10,4,FALSO
2015-06-11,2015,6,11,5,FALSO
2015-06-12,2015,6,12,6,VERDADEIRO
2015-06-13,2015,6,13,7,VERDADEIRO
2015-06-14,2015,6,14,1,FALSO
2015-06-15,2015,6,15,2,FALSO
2015-06-16,2015,6,16,3,FALSO
2015-06-17,2015,6,17,4,FALSO
2015-06-18,2015,6,18,5,FALSO
2015-06-19,2015,6,19,6,VERDADEIRO
2015-06-20,2015,6,20,7,VERDADEIRO
2015-06-21,2015,6,21,1,FALSO
2015-06-22,2015,6,22,2,FALSO
2015-06-23,2015,6,23,3,FALSO
2015-06-24,2015,6,24,4,FALSO
2015-06-25,2015,6,25,5,FALSO
2015-06-26,2015,6,26,6,VERDADEIRO
2015-06-27,2015,6,27,7,VERDADEIRO
2015-06-28,2015,6,28,1,FALSO
2015-06-29,2015,6,29,2,FALSO
2015-06-30,2015,6,30,3,FALSO
2015-07-01,2015,7,1,4,FALSO
2015-07-02,2015,7,2,5,FALSO
2015-07-03,2015,7,3,6,VERDADEIRO
2015-07-04,2015,7,4,7,VERDADEIRO
2015-07-05,2015,7,5,1,FALSO
2015-07-06,2015,7,6,2,FALSO
2015-07-07,2015,7,7,3,FALSO
2015-07-08,2015,7,8,4,FALSO
2015-07-09,2015,7,9,5,FALSO
2015-07-10,2015,7,10,6,VERDADEIRO
2015-07-11,2015,7,11,7,VERDADEIRO
2015-07-12,2015,7,12,1,FALSO
2015-07-13,2015,7,13,2,FALSO
2015-07-14,2015,7,14,3,FALSO
2015-07-15,2015,7,15,4,FALSO
2015-07-16,2015,7,16,5,FALSO
2015-07-17,2015,7,17,6,VERDADEIRO
2015-07-18,2015,7,18,7,VERDADEIRO
2015-07-19,2015,7,19,1,FALSO
2015-07-20,2015,7,20,2,FALSO
2015-07-21,2015,7,21,3,FALSO
2015-07-22,2015,7,22,4,FALSO
2015-07-23,2015,7,23,5,FALSO
2015-07-24,2015,7,24,6,VERDADEIRO
2015-07-25,2015,7,25,7,VERDADEIRO
2015-07-26,2015,7,26,1,FALSO
2015-07-27,2015,7,27,2,FALSO
2015-07-28,2015,7,28,3,FALSO
2015-07-29,2015,7,29,4,FALSO
2015-07-30,2015,7,30,5,FALSO
2015-07-31,2015,7,31,6,VERDADEIRO
2015-08-01,2015,8,1,7,VERDADEIRO
2015-08-02,2015,8,2,1,FALSO
2015-08-03,2015,8,3,2,FALSO
2015-08-04,2015,8,4,3,FALSO
2015-08-05,2015,8,5,4,FALSO
2015-08-06,2015,8,6,5,FALSO
2015-08-07,2015,8,7,6,VERDADEIRO
2015-08-08,2015,8,8,7,VERDADEIRO
2015-08-09,2015,8,9,1,FALSO
2015-08-10,2015,8,10,2,FALSO
2015-08-11,2015,8,11,3,FALSO
2015-08-12,2015,8,12,4,FALSO
2015-08-13,2015,8,13,5,FALSO
2015-08-14,2015,8,14,6,VERDADEIRO
2015-08-15,2015,8,15,7,VERDADEIRO
2015-08-16,2015,8,16,1,FALSO
2015-08-17,2015,8,17,2,FALSO
2015-08-18,2015,8,18,3,FALSO
2015-08-19,2015,8,19,4,FALSO
2015-08-20,2015,8,20,5,FALSO
2015-08-21,2015,8,21,6,VERDADEIRO
2015-08-22,2015,8,22,7,VERDADEIRO
2015-08-23,2015,8,23,1,FALSO
2015-08-24,2015,8,24,2,FALSO
2015-08-25,2015,8,25,3,FALSO
2015-08-26,2015,8,26,4,FALSO
2015-08-27,2015,8,27,5,FALSO
2015-08-28,2015,8,28,6,VERDADEIRO
2015-08-29,2015,8,29,7,VERDADEIRO
2015-08-30,2015,8,30,1,FALSO
2015-08-31,2015,8,31,2,FALSO
2015-09-01,2015,9,1,3,FALSO
2015-09-02,2015,9,2,4,FALSO
2015-09-03,2015,9,3,5,FALSO
2015-09-04,2015,9,4,6,VERDADEIRO
2015-09-05,2015,9,5,7,VERDADEIRO
2015-09-06,2015,9,6,1,FALSO
2015-09-07,2015,9,7,2,FALSO
2015-09-08,2015,9,8,3,FALSO
2015-09-09,2015,9,9,4,FALSO
2015-09-10,2015,9,10,5,FALSO
2015-09-11,2015,9,11,6,VERDADEIRO
2015-09-12,2015,9,12,7,VERDADEIRO
2015-09-13,2015,9,13,1,FALSO
2015-09-14,2015,9,14,2,FALSO
2015-09-15,2015,9,15,3,FALSO
2015-09-16,2015,9,16,4,FALSO
2015-09-17,2015,9,17,5,FALSO
2015-09-18,2015,9,18,6,VERDADEIRO
2015-09-19,2015,9,19,7,VERDADEIRO
2015-09-20,2015,9,20,1,FALSO
2015-09-21,2015,9,21,2,FALSO
2015-09-22,2015,9,22,3,FALSO
2015-09-23,2015,9,23,4,FALSO
2015-09-24,2015,9,24,5,FALSO
2015-09-25,2015,9,25,6,VERDADEIRO
2015-09-26,2015,9,26,7,VERDADEIRO
2015-09-27,2015,9,27,1,FALSO
2015-09-28,2015,9,28,2,FALSO
2015-09-29,2015,9,29,3,FALSO
2015-09-30,2015,9,30,4,FALSO
2015-10-01,2015,10,1,5,FALSO
2015-10-02,2015,10,2,6,VERDADEIRO
2015-10-03,2015,10,3,7,VERDADEIRO
2015-10-04,2015,10,4,1,FALSO
2015-10-05,2015,10,5,2,FALSO
2015-10-06,2015,10,6,3,FALSO
2015-10-07,2015,10,7,4,FALSO
2015-10-08,2015,10,8,5,FALSO
2015-10-09,2015,10,9,6,VERDADEIRO
2015-10-10,2015,10,10,7,VERDADEIRO
2015-10-11,2015,10,11,1,FALSO
2015-10-12,2015,10,12,2,FALSO
2015-10-13,2015,10,13,3,FALSO
2015-10-14,2015,10,14,4,FALSO
2015-10-15,2015,10,15,5,FALSO
2015-10-16,2015,10,16,6,VERDADEIRO
2015-10-17,2015,10,17,7,VERDADEIRO
2015-10-18,2015,10,18,1,FALSO
2015-10-19,2015,10,19,2,FALSO
2015-10-20,2015,10,20,3,FALSO
2015-10-21,2015,10,21,4,FALSO
2015-10-22,2015,10,22,5,FALSO
2015-10-23,2015,10,23,6,VERDADEIRO
2015-10-24,2015,10,24,7,VERDADEIRO
2015-10-25,2015,10,25,1,FALSO
2015-10-26,2015,10,26,2,FALSO
2015-10-27,2015,10,27,3,FALSO
2015-10-28,2015,10,28,4,FALSO
2015-10-29,2015,10,29,5,FALSO
2015-10-30,2015,10,30,6,VERDADEIRO
2015-10-31,2015,10,31,7,VERDADEIRO
2015-11-01,2015,11,1,1,FALSO
2015-11-02,2015,11,2,2,FALSO
2015-11-03,2015,11,3,3,FALSO
2015-11-04,2015,11,4,4,FALSO
2015-11-05,2015,11,5,5,FALSO
2015-11-06,2015,11,6,6,VERDADEIRO
2015-11-07,2015,11,7,7,VERDADEIRO
2015-11-08,2015,11,8,1,FALSO
2015-11-09,2015,11,9,2,FALSO
2015-11-10,2015,11,10,3,FALSO
2015-11-11,2015,11,11,4,FALSO
2015-11-12,2015,11,12,5,FALSO
2015-11-13,2015,11,13,6,VERDADEIRO
2015-11-14,2015,11,14,7,VERDADEIRO
2015-11-15,2015,11,15,1,FALSO
2015-11-16,2015,11,16,2,FALSO
2015-11-17,2015,11,17,3,FALSO
2015-11-18,2015,11,18,4,FALSO
2015-11-19,2015,11,19,5,FALSO
2015-11-20,2015,11,20,6,VERDADEIRO
2015-11-21,2015,11,21,7,VERDADEIRO
2015-11-22,2015,11,22,1,FALSO
2015-11-23,2015,11,23,2,FALSO
2015-11-24,2015,11,24,3,FALSO
2015-11-25,2015,11,25,4,FALSO
2015-11-26,2015,11,26,5,FALSO
2015-11-27,2015,11,27,6,VERDADEIRO
2015-11-28,2015,11,28,7,VERDADEIRO
2015-11-29,2015,11,29,1,FALSO
2015-11-30,2015,11,30,2,FALSO
2015-12-01,2015,12,1,3,FALSO
2015-12-02,2015,12,2,4,FALSO
2015-12-03,2015,12,3,5,FALSO
2015-12-04,2015,12,4,6,VERDADEIRO
2015-12-05,2015,12,5,7,VERDADEIRO
2015-12-06,2015,12,6,1,FALSO
2015-12-07,2015,12,7,2,FALSO
2015-12-08,2015,12,8,3,FALSO
2015-12-09,2015,12,9,4,FALSO
2015-12-10,2015,12,10,5,FALSO
2015-12-11,2015,12,11,6,VERDADEIRO
2015-12-12,2015,12,12,7,VERDADEIRO
2015-12-13,2015,12,13,1,FALSO
2015-12-14,2015,12,14,2,FALSO
2015-12-15,2015,12,15,3,FALSO
2015-12-16,2015,12,16,4,FALSO
2015-12-17,2015,12,17,5,FALSO
2015-12-18,2015,12,18,6,VERDADEIRO
2015-12-19,2015,12,19,7,VERDADEIRO
2015-12-20,2015,12,20,1,FALSO
2015-12-21,2015,12,21,2,FALSO
2015-12-22,2015,12,22,3,FALSO
2015-12-23,2015,12,23,4,FALSO
2015-12-24,2015,12,24,5,FALSO
2015-12-25,2015,12,25,6,VERDADEIRO
2015-12-26,2015,12,26,7,VERDADEIRO
2015-12-27,2015,12,27,1,FALSO
2015-12-28,2015,12,28,2,FALSO
2015-12-29,2015,12,29,3,FALSO
2015-12-30,2015,12,30,4,FALSO
2015-12-31,2015,12,31,5,FALSO
2016-01-01,2016,1,1,6,VERDADEIRO
2016-01-02,2016,1,2,7,VERDADEIRO
2016-01-03,2016,1,3,1,FALSO
2016-01-04,2016,1,4,2,FALSO
2016-01-05,2016,1,5,3,FALSO
2016-01-06,2016,1,6,4,FALSO
2016-01-07,2016,1,7,5,FALSO
2016-01-08,2016,1,8,6,VERDADEIRO
2016-01-09,2016,1,9,7,VERDADEIRO
2016-01-10,2016,1,10,1,FALSO
2016-01-11,2016,1,11,2,FALSO
2016-01-12,2016,1,12,3,FALSO
2016-01-13,2016,1,13,4,FALSO
2016-01-14,2016,1,14,5,FALSO
2016-01-15,2016,1,15,6,VERDADEIRO
2016-01-16,2016,1,16,7,VERDADEIRO
2016-01-17,2016,1,17,1,FALSO
2016-01-18,2016,1,18,2,FALSO
2016-01-19,2016,1,19,3,FALSO
2016-01-20,2016,1,20,4,FALSO
2016-01-21,2016,1,21,5,FALSO
2016-01-22,2016,1,22,6,VERDADEIRO
2016-01-23,2016,1,23,7,VERDADEIRO
2016-01-24,2016,1,24,1,FALSO
2016-01-25,2016,1,25,2,FALSO
2016-01-26,2016,1,26,3,FALSO
2016-01-27,2016,1,27,4,FALSO
2016-01-28,2016,1,28,5,FALSO
2016-01-29,2016,1,29,6,VERDADEIRO
2016-01-30,2016,1,30,7,VERDADEIRO
2016-01-31,2016,1,31,1,FALSO
2016-02-01,2016,2,1,2,FALSO
2016-02-02,2016,2,2,3,FALSO
2016-02-03,2016,2,3,4,FALSO
2016-02-04,2016,2,4,5,FALSO
2016-02-05,2016,2,5,6,VERDADEIRO
2016-02-06,2016,2,6,7,VERDADEIRO
2016-02-07,2016,2,7,1,FALSO
2016-02-08,2016,2,8,2,FALSO
2016-02-09,2016,2,9,3,FALSO
2016-02-10,2016,2,10,4,FALSO
2016-02-11,2016,2,11,5,FALSO
2016-02-12,2016,2,12,6,VERDADEIRO
2016-02-13,2016,2,13,7,VERDADEIRO
2016-02-14,2016,2,14,1,FALSO
2016-02-15,2016,2,15,2,FALSO
2016-02-16,2016,2,16,3,FALSO
2016-02-17,2016,2,17,4,FALSO
2016-02-18,2016,2,18,5,FALSO
2016-02-19,2016,2,19,6,VERDADEIRO
2016-02-20,2016,2,20,7,VERDADEIRO
2016-02-21,2016,2,21,1,FALSO
2016-02-22,2016,2,22,2,FALSO
2016-02-23,2016,2,23,3,FALSO
2016-02-24,2016,2,24,4,FALSO
2016-02-25,2016,2,25,5,FALSO
2016-02-26,2016,2,26,6,VERDADEIRO
2016-02-27,2016,2,27,7,VERDADEIRO
2016-02-28,2016,2,28,1,FALSO
2016-02-29,2016,2,29,2,FALSO
2016-03-01,2016,3,1,3,FALSO
2016-03-02,2016,3,2,4,FALSO
2016-03-03,2016,3,3,5,FALSO
2016-03-04,2016,3,4,6,VERDADEIRO
2016-03-05,2016,3,5,7,VERDADEIRO
2016-03-06,2016,3,6,1,FALSO
2016-03-07,2016,3,7,2,FALSO
2016-03-08,2016,3,8,3,FALSO
2016-03-09,2016,3,9,4,FALSO
2016-03-10,2016,3,10,5,FALSO
2016-03-11,2016,3,11,6,VERDADEIRO
2016-03-12,2016,3,12,7,VERDADEIRO
2016-03-13,2016,3,13,1,FALSO
2016-03-14,2016,3,14,2,FALSO
2016-03-15,2016,3,15,3,FALSO
2016-03-16,2016,3,16,4,FALSO
2016-03-17,2016,3,17,5,FALSO
2016-03-18,2016,3,18,6,VERDADEIRO
2016-03-19,2016,3,19,7,VERDADEIRO
2016-03-20,2016,3,20,1,FALSO
2016-03-21,2016,3,21,2,FALSO
2016-03-22,2016,3,22,3,FALSO
2016-03-23,2016,3,23,4,FALSO
2016-03-24,2016,3,24,5,FALSO
2016-03-25,2016,3,25,6,VERDADEIRO
2016-03-26,2016,3,26,7,VERDADEIRO
2016-03-27,2016,3,27,1,FALSO
2016-03-28,2016,3,28,2,FALSO
2016-03-29,2016,3,29,3,FALSO
2016-03-30,2016,3,30,4,FALSO
2016-03-31,2016,3,31,5,FALSO
2016-04-01,2016,4,1,6,VERDADEIRO
2016-04-02,2016,4,2,7,VERDADEIRO
2016-04-03,2016,4,3,1,FALSO
2016-04-04,2016,4,4,2,FALSO
2016-04-05,2016,4,5,3,FALSO
2016-04-06,2016,4,6,4,FALSO
2016-04-07,2016,4,7,5,FALSO
2016-04-08,2016,4,8,6,VERDADEIRO
2016-04-09,2016,4,9,7,VERDADEIRO
2016-04-10,2016,4,10,1,FALSO
2016-04-11,2016,4,11,2,FALSO
2016-04-12,2016,4,12,3,FALSO
2016-04-13,2016,4,13,4,FALSO
2016-04-14,2016,4,14,5,FALSO
2016-04-15,2016,4,15,6,VERDADEIRO
2016-04-16,2016,4,16,7,VERDADEIRO
2016-04-17,2016,4,17,1,FALSO
2016-04-18,2016,4,18,2,FALSO
2016-04-19,2016,4,19,3,FALSO
2016-04-20,2016,4,20,4,FALSO
2016-04-21,2016,4,21,5,FALSO
2016-04-22,2016,4,22,6,VERDADEIRO
2016-04-23,2016,4,23,7,VERDADEIRO
2016-04-24,2016,4,24,1,FALSO
2016-04-25,2016,4,25,2,FALSO
2016-04-26,2016,4,26,3,FALSO
2016-04-27,2016,4,27,4,FALSO
2016-04-28,2016,4,28,5,FALSO
2016-04-29,2016,4,29,6,VERDADEIRO
2016-04-30,2016,4,30,7,VERDADEIRO
2016-05-01,2016,5,1,1,FALSO
2016-05-02,2016,5,2,2,FALSO
2016-05-03,2016,5,3,3,FALSO
2016-05-04,2016,5,4,4,FALSO
2016-05-05,2016,5,5,5,FALSO
2016-05-06,2016,5,6,6,VERDADEIRO
2016-05-07,2016,5,7,7,VERDADEIRO
2016-05-08,2016,5,8,1,FALSO
2016-05-09,2016,5,9,2,FALSO
2016-05-10,2016,5,10,3,FALSO
2016-05-11,2016,5,11,4,FALSO
2016-05-12,2016,5,12,5,FALSO
2016-05-13,2016,5,13,6,VERDADEIRO
2016-05-14,2016,5,14,7,VERDADEIRO
2016-05-15,2016,5,15,1,FALSO
2016-05-16,2016,5,16,2,FALSO
2016-05-17,2016,5,17,3,FALSO
2016-05-18,2016,5,18,4,FALSO
2016-05-19,2016,5,19,5,FALSO
2016-05-20,2016,5,20,6,VERDADEIRO
2016-05-21,2016,5,21,7,VERDADEIRO
2016-05-22,2016,5,22,1,FALSO
2016-05-23,2016,5,23,2,FALSO
2016-05-24,2016,5,24,3,FALSO
2016-05-25,2016,5,25,4,FALSO
2016-05-26,2016,5,26,5,FALSO
2016-05-27,2016,5,27,6,VERDADEIRO
2016-05-28,2016,5,28,7,VERDADEIRO
2016-05-29,2016,5,29,1,FALSO
2016-05-30,2016,5,30,2,FALSO
2016-05-31,2016,5,31,3,FALSO
2016-06-01,2016,6,1,4,FALSO
2016-06-02,2016,6,2,5,FALSO
2016-06-03,2016,6,3,6,VERDADEIRO
2016-06-04,2016,6,4,7,VERDADEIRO
2016-06-05,2016,6,5,1,FALSO
2016-06-06,2016,6,6,2,FALSO
2016-06-07,2016,6,7,3,FALSO
2016-06-08,2016,6,8,4,FALSO
2016-06-09,2016,6,9,5,FALSO
2016-06-10,2016,6,10,6,VERDADEIRO
2016-06-11,2016,6,11,7,VERDADEIRO
2016-06-12,2016,6,12,1,FALSO
2016-06-13,2016,6,13,2,FALSO
2016-06-14,2016,6,14,3,FALSO
2016-06-15,2016,6,15,4,FALSO
2016-06-16,2016,6,16,5,FALSO
2016-06-17,2016,6,17,6,VERDADEIRO
2016-06-18,2016,6,18,7,VERDADEIRO
2016-06-19,2016,6,19,1,FALSO
2016-06-20,2016,6,20,2,FALSO
2016-06-21,2016,6,21,3,FALSO
2016-06-22,2016,6,22,4,FALSO
2016-06-23,2016,6,23,5,FALSO
2016-06-24,2016,6,24,6,VERDADEIRO
2016-06-25,2016,6,25,7,VERDADEIRO
2016-06-26,2016,6,26,1,FALSO
2016-06-27,2016,6,27,2,FALSO
2016-06-28,2016,6,28,3,FALSO
2016-06-29,2016,6,29,4,FALSO
2016-06-30,2016,6,30,5,FALSO
2016-07-01,2016,7,1,6,VERDADEIRO
2016-07-02,2016,7,2,7,VERDADEIRO
2016-07-03,2016,7,3,1,FALSO
2016-07-04,2016,7,4,2,FALSO
2016-07-05,2016,7,5,3,FALSO
2016-07-06,2016,7,6,4,FALSO
2016-07-07,2016,7,7,5,FALSO
2016-07-08,2016,7,8,6,VERDADEIRO
2016-07-09,2016,7,9,7,VERDADEIRO
2016-07-10,2016,7,10,1,FALSO
2016-07-11,2016,7,11,2,FALSO
2016-07-12,2016,7,12,3,FALSO
2016-07-13,2016,7,13,4,FALSO
2016-07-14,2016,7,14,5,FALSO
2016-07-15,2016,7,15,6,VERDADEIRO
2016-07-16,2016,7,16,7,VERDADEIRO
2016-07-17,2016,7,17,1,FALSO
2016-07-18,2016,7,18,2,FALSO
2016-07-19,2016,7,19,3,FALSO
2016-07-20,2016,7,20,4,FALSO
2016-07-21,2016,7,21,5,FALSO
2016-07-22,2016,7,22,6,VERDADEIRO
2016-07-23,2016,7,23,7,VERDADEIRO
2016-07-24,2016,7,24,1,FALSO
2016-07-25,2016,7,25,2,FALSO
2016-07-26,2016,7,26,3,FALSO
2016-07-27,2016,7,27,4,FALSO
2016-07-28,2016,7,28,5,FALSO
2016-07-29,2016,7,29,6,VERDADEIRO
2016-07-30,2016,7,30,7,VERDADEIRO
2016-07-31,2016,7,31,1,FALSO
2016-08-01,2016,8,1,2,FALSO
2016-08-02,2016,8,2,3,FALSO
2016-08-03,2016,8,3,4,FALSO
2016-08-04,2016,8,4,5,FALSO
2016-08-05,2016,8,5,6,VERDADEIRO
2016-08-06,2016,8,6,7,VERDADEIRO
2016-08-07,2016,8,7,1,FALSO
2016-08-08,2016,8,8,2,FALSO
2016-08-09,2016,8,9,3,FALSO
2016-08-10,2016,8,10,4,FALSO
2016-08-11,2016,8,11,5,FALSO
2016-08-12,2016,8,12,6,VERDADEIRO
2016-08-13,2016,8,13,7,VERDADEIRO
2016-08-14,2016,8,14,1,FALSO
2016-08-15,2016,8,15,2,FALSO
2016-08-16,2016,8,16,3,FALSO
2016-08-17,2016,8,17,4,FALSO
2016-08-18,2016,8,18,5,FALSO
2016-08-19,2016,8,19,6,VERDADEIRO
2016-08-20,2016,8,20,7,VERDADEIRO
2016-08-21,2016,8,21,1,FALSO
2016-08-22,2016,8,22,2,FALSO
2016-08-23,2016,8,23,3,FALSO
2016-08-24,2016,8,24,4,FALSO
2016-08-25,2016,8,25,5,FALSO
2016-08-26,2016,8,26,6,VERDADEIRO
2016-08-27,2016,8,27,7,VERDADEIRO
2016-08-28,2016,8,28,1,FALSO
2016-08-29,2016,8,29,2,FALSO
2016-08-30,2016,8,30,3,FALSO
2016-08-31,2016,8,31,4,FALSO
2016-09-01,2016,9,1,5,FALSO
2016-09-02,2016,9,2,6,VERDADEIRO
2016-09-03,2016,9,3,7,VERDADEIRO
2016-09-04,2016,9,4,1,FALSO
2016-09-05,2016,9,5,2,FALSO
2016-09-06,2016,9,6,3,FALSO
2016-09-07,2016,9,7,4,FALSO
2016-09-08,2016,9,8,5,FALSO
2016-09-09,2016,9,9,6,VERDADEIRO
2016-09-10,2016,9,10,7,VERDADEIRO
2016-09-11,2016,9,11,1,FALSO
2016-09-12,2016,9,12,2,FALSO
2016-09-13,2016,9,13,3,FALSO
2016-09-14,2016,9,14,4,FALSO
2016-09-15,2016,9,15,5,FALSO
2016-09-16,2016,9,16,6,VERDADEIRO
2016-09-17,2016,9,17,7,VERDADEIRO
2016-09-18,2016,9,18,1,FALSO
2016-09-19,2016,9,19,2,FALSO
2016-09-20,2016,9,20,3,FALSO
2016-09-21,2016,9,21,4,FALSO
2016-09-22,2016,9,22,5,FALSO
2016-09-23,2016,9,23,6,VERDADEIRO
2016-09-24,2016,9,24,7,VERDADEIRO
2016-09-25,2016,9,25,1,FALSO
2016-09-26,2016,9,26,2,FALSO
2016-09-27,2016,9,27,3,FALSO
2016-09-28,2016,9,28,4,FALSO
2016-09-29,2016,9,29,5,FALSO
2016-09-30,2016,9,30,6,VERDADEIRO
2016-10-01,2016,10,1,7,VERDADEIRO
2016-10-02,2016,10,2,1,FALSO
2016-10-03,2016,10,3,2,FALSO
2016-10-04,2016,10,4,3,FALSO
2016-10-05,2016,10,5,4,FALSO
2016-10-06,2016,10,6,5,FALSO
2016-10-07,2016,10,7,6,VERDADEIRO
2016-10-08,2016,10,8,7,VERDADEIRO
2016-10-09,2016,10,9,1,FALSO
2016-10-10,2016,10,10,2,FALSO
2016-10-11,2016,10,11,3,FALSO
2016-10-12,2016,10,12,4,FALSO
2016-10-13,2016,10,13,5,FALSO
2016-10-14,2016,10,14,6,VERDADEIRO
2016-10-15,2016,10,15,7,VERDADEIRO
2016-10-16,2016,10,16,1,FALSO
2016-10-17,2016,10,17,2,FALSO
2016-10-18,2016,10,18,3,FALSO
2016-10-19,2016,10,19,4,FALSO
2016-10-20,2016,10,20,5,FALSO
2016-10-21,2016,10,21,6,VERDADEIRO
2016-10-22,2016,10,22,7,VERDADEIRO
2016-10-23,2016,10,23,1,FALSO
2016-10-24,2016,10,24,2,FALSO
2016-10-25,2016,10,25,3,FALSO
2016-10-26,2016,10,26,4,FALSO
2016-10-27,2016,10,27,5,FALSO
2016-10-28,2016,10,28,6,VERDADEIRO
2016-10-29,2016,10,29,7,VERDADEIRO
2016-10-30,2016,10,30,1,FALSO
2016-10-31,2016,10,31,2,FALSO
2016-11-01,2016,11,1,3,FALSO
2016-11-02,2016,11,2,4,FALSO
2016-11-03,2016,11,3,5,FALSO
2016-11-04,2016,11,4,6,VERDADEIRO
2016-11-05,2016,11,5,7,VERDADEIRO
2016-11-06,2016,11,6,1,FALSO
2016-11-07,2016,11,7,2,FALSO
2016-11-08,2016,11,8,3,FALSO
2016-11-09,2016,11,9,4,FALSO
2016-11-10,2016,11,10,5,FALSO
2016-11-11,2016,11,11,6,VERDADEIRO
2016-11-12,2016,11,12,7,VERDADEIRO
2016-11-13,2016,11,13,1,FALSO
2016-11-14,2016,11,14,2,FALSO
2016-11-15,2016,11,15,3,FALSO
2016-11-16,2016,11,16,4,FALSO
2016-11-17,2016,11,17,5,FALSO
2016-11-18,2016,11,18,6,VERDADEIRO
2016-11-19,2016,11,19,7,VERDADEIRO
2016-11-20,2016,11,20,1,FALSO
2016-11-21,2016,11,21,2,FALSO
2016-11-22,2016,11,22,3,FALSO
2016-11-23,2016,11,23,4,FALSO
2016-11-24,2016,11,24,5,FALSO
2016-11-25,2016,11,25,6,VERDADEIRO
2016-11-26,2016,11,26,7,VERDADEIRO
2016-11-27,2016,11,27,1,FALSO
2016-11-28,2016,11,28,2,FALSO
2016-11-29,2016,11,29,3,FALSO
2016-11-30,2016,11,30,4,FALSO
2016-12-01,2016,12,1,5,FALSO
2016-12-02,2016,12,2,6,VERDADEIRO
2016-12-03,2016,12,3,7,VERDADEIRO
2016-12-04,2016,12,4,1,FALSO
2016-12-05,2016,12,5,2,FALSO
2016-12-06,2016,12,6,3,FALSO
2016-12-07,2016,12,7,4,FALSO
2016-12-08,2016,12,8,5,FALSO
2016-12-09,2016,12,9,6,VERDADEIRO
2016-12-10,2016,12,10,7,VERDADEIRO
2016-12-11,2016,12,11,1,FALSO
2016-12-12,2016,12,12,2,FALSO
2016-12-13,2016,12,13,3,FALSO
2016-12-14,2016,12,14,4,FALSO
2016-12-15,2016,12,15,5,FALSO
2016-12-16,2016,12,16,6,VERDADEIRO
2016-12-17,2016,12,17,7,VERDADEIRO
2016-12-18,2016,12,18,1,FALSO
2016-12-19,2016,12,19,2,FALSO
2016-12-20,2016,12,20,3,FALSO
2016-12-21,2016,12,21,4,FALSO
2016-12-22,2016,12,22,5,FALSO
2016-12-23,2016,12,23,6,VERDADEIRO
2016-12-24,2016,12,24,7,VERDADEIRO
2016-12-25,2016,12,25,1,FALSO
2016-12-26,2016,12,26,2,FALSO
2016-12-27,2016,12,27,3,FALSO
2016-12-28,2016,12,28,4,FALSO
2016-12-29,2016,12,29,5,FALSO
2016-12-30,2016,12,30,6,VERDADEIRO
2016-12-31,2016,12,31,7,VERDADEIRO
2017-01-01,2017,1,1,1,FALSO
2017-01-02,2017,1,2,2,FALSO
2017-01-03,2017,1,3,3,FALSO
2017-01-04,2017,1,4,4,FALSO
2017-01-05,2017,1,5,5,FALSO
2017-01-06,2017,1,6,6,VERDADEIRO
2017-01-07,2017,1,7,7,VERDADEIRO
2017-01-08,2017,1,8,1,FALSO
2017-01-09,2017,1,9,2,FALSO
2017-01-10,2017,1,10,3,FALSO
2017-01-11,2017,1,11,4,FALSO
2017-01-12,2017,1,12,5,FALSO
2017-01-13,2017,1,13,6,VERDADEIRO
2017-01-14,2017,1,14,7,VERDADEIRO
2017-01-15,2017,1,15,1,FALSO
2017-01-16,2017,1,16,2,FALSO
2017-01-17,2017,1,17,3,FALSO
2017-01-18,2017,1,18,4,FALSO
2017-01-19,2017,1,19,5,FALSO
2017-01-20,2017,1,20,6,VERDADEIRO
2017-01-21,2017,1,21,7,VERDADEIRO
2017-01-22,2017,1,22,1,FALSO
2017-01-23,2017,1,23,2,FALSO
2017-01-24,2017,1,24,3,FALSO
2017-01-25,2017,1,25,4,FALSO
2017-01-26,2017,1,26,5,FALSO
2017-01-27,2017,1,27,6,VERDADEIRO
2017-01-28,2017,1,28,7,VERDADEIRO
2017-01-29,2017,1,29,1,FALSO
2017-01-30,2017,1,30,2,FALSO
2017-01-31,2017,1,31,3,FALSO
2017-02-01,2017,2,1,4,FALSO
2017-02-02,2017,2,2,5,FALSO
2017-02-03,2017,2,3,6,VERDADEIRO
2017-02-04,2017,2,4,7,VERDADEIRO
2017-02-05,2017,2,5,1,FALSO
2017-02-06,2017,2,6,2,FALSO
2017-02-07,2017,2,7,3,FALSO
2017-02-08,2017,2,8,4,FALSO
2017-02-09,2017,2,9,5,FALSO
2017-02-10,2017,2,10,6,VERDADEIRO
2017-02-11,2017,2,11,7,VERDADEIRO
2017-02-12,2017,2,12,1,FALSO
2017-02-13,2017,2,13,2,FALSO
2017-02-14,2017,2,14,3,FALSO
2017-02-15,2017,2,15,4,FALSO
2017-02-16,2017,2,16,5,FALSO
2017-02-17,2017,2,17,6,VERDADEIRO
2017-02-18,2017,2,18,7,VERDADEIRO
2017-02-19,2017,2,19,1,FALSO
2017-02-20,2017,2,20,2,FALSO
2017-02-21,2017,2,21,3,FALSO
2017-02-22,2017,2,22,4,FALSO
2017-02-23,2017,2,23,5,FALSO
2017-02-24,2017,2,24,6,VERDADEIRO
2017-02-25,2017,2,25,7,VERDADEIRO
2017-02-26,2017,2,26,1,FALSO
2017-02-27,2017,2,27,2,FALSO
2017-02-28,2017,2,28,3,FALSO
2017-03-01,2017,3,1,4,FALSO
2017-03-02,2017,3,2,5,FALSO
2017-03-03,2017,3,3,6,VERDADEIRO
2017-03-04,2017,3,4,7,VERDADEIRO
2017-03-05,2017,3,5,1,FALSO
2017-03-06,2017,3,6,2,FALSO
2017-03-07,2017,3,7,3,FALSO
2017-03-08,2017,3,8,4,FALSO
2017-03-09,2017,3,9,5,FALSO
2017-03-10,2017,3,10,6,VERDADEIRO
2017-03-11,2017,3,11,7,VERDADEIRO
2017-03-12,2017,3,12,1,FALSO
2017-03-13,2017,3,13,2,FALSO
2017-03-14,2017,3,14,3,FALSO
2017-03-15,2017,3,15,4,FALSO
2017-03-16,2017,3,16,5,FALSO
2017-03-17,2017,3,17,6,VERDADEIRO
2017-03-18,2017,3,18,7,VERDADEIRO
2017-03-19,2017,3,19,1,FALSO
2017-03-20,2017,3,20,2,FALSO
2017-03-21,2017,3,21,3,FALSO
2017-03-22,2017,3,22,4,FALSO
2017-03-23,2017,3,23,5,FALSO
2017-03-24,2017,3,24,6,VERDADEIRO
2017-03-25,2017,3,25,7,VERDADEIRO
2017-03-26,2017,3,26,1,FALSO
2017-03-27,2017,3,27,2,FALSO
2017-03-28,2017,3,28,3,FALSO
2017-03-29,2017,3,29,4,FALSO
2017-03-30,2017,3,30,5,FALSO
2017-03-31,2017,3,31,6,VERDADEIRO
2017-04-01,2017,4,1,7,VERDADEIRO
2017-04-02,2017,4,2,1,FALSO
2017-04-03,2017,4,3,2,FALSO
2017-04-04,2017,4,4,3,FALSO
2017-04-05,2017,4,5,4,FALSO
2017-04-06,2017,4,6,5,FALSO
2017-04-07,2017,4,7,6,VERDADEIRO
2017-04-08,2017,4,8,7,VERDADEIRO
2017-04-09,2017,4,9,1,FALSO
2017-04-10,2017,4,10,2,FALSO
2017-04-11,2017,4,11,3,FALSO
2017-04-12,2017,4,12,4,FALSO
2017-04-13,2017,4,13,5,FALSO
2017-04-14,2017,4,14,6,VERDADEIRO
2017-04-15,2017,4,15,7,VERDADEIRO
2017-04-16,2017,4,16,1,FALSO
2017-04-17,2017,4,17,2,FALSO
2017-04-18,2017,4,18,3,FALSO
2017-04-19,2017,4,19,4,FALSO
2017-04-20,2017,4,20,5,FALSO
2017-04-21,2017,4,21,6,VERDADEIRO
2017-04-22,2017,4,22,7,VERDADEIRO
2017-04-23,2017,4,23,1,FALSO
2017-04-24,2017,4,24,2,FALSO
2017-04-25,2017,4,25,3,FALSO
2017-04-26,2017,4,26,4,FALSO
2017-04-27,2017,4,27,5,FALSO
2017-04-28,2017,4,28,6,VERDADEIRO
2017-04-29,2017,4,29,7,VERDADEIRO
2017-04-30,2017,4,30,1,FALSO
2017-05-01,2017,5,1,2,FALSO
2017-05-02,2017,5,2,3,FALSO
2017-05-03,2017,5,3,4,FALSO
2017-05-04,2017,5,4,5,FALSO
2017-05-05,2017,5,5,6,VERDADEIRO
2017-05-06,2017,5,6,7,VERDADEIRO
2017-05-07,2017,5,7,1,FALSO
2017-05-08,2017,5,8,2,FALSO
2017-05-09,2017,5,9,3,FALSO
2017-05-10,2017,5,10,4,FALSO
2017-05-11,2017,5,11,5,FALSO
2017-05-12,2017,5,12,6,VERDADEIRO
2017-05-13,2017,5,13,7,VERDADEIRO
2017-05-14,2017,5,14,1,FALSO
2017-05-15,2017,5,15,2,FALSO
2017-05-16,2017,5,16,3,FALSO
2017-05-17,2017,5,17,4,FALSO
2017-05-18,2017,5,18,5,FALSO
2017-05-19,2017,5,19,6,VERDADEIRO
2017-05-20,2017,5,20,7,VERDADEIRO
2017-05-21,2017,5,21,1,FALSO
2017-05-22,2017,5,22,2,FALSO
2017-05-23,2017,5,23,3,FALSO
2017-05-24,2017,5,24,4,FALSO
2017-05-25,2017,5,25,5,FALSO
2017-05-26,2017,5,26,6,VERDADEIRO
2017-05-27,2017,5,27,7,VERDADEIRO
2017-05-28,2017,5,28,1,FALSO
2017-05-29,2017,5,29,2,FALSO
2017-05-30,2017,5,30,3,FALSO
2017-05-31,2017,5,31,4,FALSO
2017-06-01,2017,6,1,5,FALSO
2017-06-02,2017,6,2,6,VERDADEIRO
2017-06-03,2017,6,3,7,VERDADEIRO
2017-06-04,2017,6,4,1,FALSO
2017-06-05,2017,6,5,2,FALSO
2017-06-06,2017,6,6,3,FALSO
2017-06-07,2017,6,7,4,FALSO
2017-06-08,2017,6,8,5,FALSO
2017-06-09,2017,6,9,6,VERDADEIRO
2017-06-10,2017,6,10,7,VERDADEIRO
2017-06-11,2017,6,11,1,FALSO
2017-06-12,2017,6,12,2,FALSO
2017-06-13,2017,6,13,3,FALSO
2017-06-14,2017,6,14,4,FALSO
2017-06-15,2017,6,15,5,FALSO
2017-06-16,2017,6,16,6,VERDADEIRO
2017-06-17,2017,6,17,7,VERDADEIRO
2017-06-18,2017,6,18,1,FALSO
2017-06-19,2017,6,19,2,FALSO
2017-06-20,2017,6,20,3,FALSO
2017-06-21,2017,6,21,4,FALSO
2017-06-22,2017,6,22,5,FALSO
2017-06-23,2017,6,23,6,VERDADEIRO
2017-06-24,2017,6,24,7,VERDADEIRO
2017-06-25,2017,6,25,1,FALSO
2017-06-26,2017,6,26,2,FALSO
2017-06-27,2017,6,27,3,FALSO
2017-06-28,2017,6,28,4,FALSO
2017-06-29,2017,6,29,5,FALSO
2017-06-30,2017,6,30,6,VERDADEIRO
2017-07-01,2017,7,1,7,VERDADEIRO
2017-07-02,2017,7,2,1,FALSO
2017-07-03,2017,7,3,2,FALSO
2017-07-04,2017,7,4,3,FALSO
2017-07-05,2017,7,5,4,FALSO
2017-07-06,2017,7,6,5,FALSO
2017-07-07,2017,7,7,6,VERDADEIRO
2017-07-08,2017,7,8,7,VERDADEIRO
2017-07-09,2017,7,9,1,FALSO
2017-07-10,2017,7,10,2,FALSO
2017-07-11,2017,7,11,3,FALSO
2017-07-12,2017,7,12,4,FALSO
2017-07-13,2017,7,13,5,FALSO
2017-07-14,2017,7,14,6,VERDADEIRO
2017-07-15,2017,7,15,7,VERDADEIRO
2017-07-16,2017,7,16,1,FALSO
2017-07-17,2017,7,17,2,FALSO
2017-07-18,2017,7,18,3,FALSO
2017-07-19,2017,7,19,4,FALSO
2017-07-20,2017,7,20,5,FALSO
2017-07-21,2017,7,21,6,VERDADEIRO
2017-07-22,2017,7,22,7,VERDADEIRO
2017-07-23,2017,7,23,1,FALSO
2017-07-24,2017,7,24,2,FALSO
2017-07-25,2017,7,25,3,FALSO
2017-07-26,2017,7,26,4,FALSO
2017-07-27,2017,7,27,5,FALSO
2017-07-28,2017,7,28,6,VERDADEIRO
2017-07-29,2017,7,29,7,VERDADEIRO
2017-07-30,2017,7,30,1,FALSO
2017-07-31,2017,7,31,2,FALSO
2017-08-01,2017,8,1,3,FALSO
2017-08-02,2017,8,2,4,FALSO
2017-08-03,2017,8,3,5,FALSO
2017-08-04,2017,8,4,6,VERDADEIRO
2017-08-05,2017,8,5,7,VERDADEIRO
2017-08-06,2017,8,6,1,FALSO
2017-08-07,2017,8,7,2,FALSO
2017-08-08,2017,8,8,3,FALSO
2017-08-09,2017,8,9,4,FALSO
2017-08-10,2017,8,10,5,FALSO
2017-08-11,2017,8,11,6,VERDADEIRO
2017-08-12,2017,8,12,7,VERDADEIRO
2017-08-13,2017,8,13,1,FALSO
2017-08-14,2017,8,14,2,FALSO
2017-08-15,2017,8,15,3,FALSO
2017-08-16,2017,8,16,4,FALSO
2017-08-17,2017,8,17,5,FALSO
2017-08-18,2017,8,18,6,VERDADEIRO
2017-08-19,2017,8,19,7,VERDADEIRO
2017-08-20,2017,8,20,1,FALSO
2017-08-21,2017,8,21,2,FALSO
2017-08-22,2017,8,22,3,FALSO
2017-08-23,2017,8,23,4,FALSO
2017-08-24,2017,8,24,5,FALSO
2017-08-25,2017,8,25,6,VERDADEIRO
2017-08-26,2017,8,26,7,VERDADEIRO
2017-08-27,2017,8,27,1,FALSO
2017-08-28,2017,8,28,2,FALSO
2017-08-29,2017,8,29,3,FALSO
2017-08-30,2017,8,30,4,FALSO
2017-08-31,2017,8,31,5,FALSO
2017-09-01,2017,9,1,6,VERDADEIRO
2017-09-02,2017,9,2,7,VERDADEIRO
2017-09-03,2017,9,3,1,FALSO
2017-09-04,2017,9,4,2,FALSO
2017-09-05,2017,9,5,3,FALSO
2017-09-06,2017,9,6,4,FALSO
2017-09-07,2017,9,7,5,FALSO
2017-09-08,2017,9,8,6,VERDADEIRO
2017-09-09,2017,9,9,7,VERDADEIRO
2017-09-10,2017,9,10,1,FALSO
2017-09-11,2017,9,11,2,FALSO
2017-09-12,2017,9,12,3,FALSO
2017-09-13,2017,9,13,4,FALSO
2017-09-14,2017,9,14,5,FALSO
2017-09-15,2017,9,15,6,VERDADEIRO
2017-09-16,2017,9,16,7,VERDADEIRO
2017-09-17,2017,9,17,1,FALSO
2017-09-18,2017,9,18,2,FALSO
2017-09-19,2017,9,19,3,FALSO
2017-09-20,2017,9,20,4,FALSO
2017-09-21,2017,9,21,5,FALSO
2017-09-22,2017,9,22,6,VERDADEIRO
2017-09-23,2017,9,23,7,VERDADEIRO
2017-09-24,2017,9,24,1,FALSO
2017-09-25,2017,9,25,2,FALSO
2017-09-26,2017,9,26,3,FALSO
2017-09-27,2017,9,27,4,FALSO
2017-09-28,2017,9,28,5,FALSO
2017-09-29,2017,9,29,6,VERDADEIRO
2017-09-30,2017,9,30,7,VERDADEIRO
2017-10-01,2017,10,1,1,FALSO
2017-10-02,2017,10,2,2,FALSO
2017-10-03,2017,10,3,3,FALSO
2017-10-04,2017,10,4,4,FALSO
2017-10-05,2017,10,5,5,FALSO
2017-10-06,2017,10,6,6,VERDADEIRO
2017-10-07,2017,10,7,7,VERDADEIRO
2017-10-08,2017,10,8,1,FALSO
2017-10-09,2017,10,9,2,FALSO
2017-10-10,2017,10,10,3,FALSO
2017-10-11,2017,10,11,4,FALSO
2017-10-12,2017,10,12,5,FALSO
2017-10-13,2017,10,13,6,VERDADEIRO
2017-10-14,2017,10,14,7,VERDADEIRO
2017-10-15,2017,10,15,1,FALSO
2017-10-16,2017,10,16,2,FALSO
2017-10-17,2017,10,17,3,FALSO
2017-10-18,2017,10,18,4,FALSO
2017-10-19,2017,10,19,5,FALSO
2017-10-20,2017,10,20,6,VERDADEIRO
2017-10-21,2017,10,21,7,VERDADEIRO
2017-10-22,2017,10,22,1,FALSO
2017-10-23,2017,10,23,2,FALSO
2017-10-24,2017,10,24,3,FALSO
2017-10-25,2017,10,25,4,FALSO
2017-10-26,2017,10,26,5,FALSO
2017-10-27,2017,10,27,6,VERDADEIRO
2017-10-28,2017,10,28,7,VERDADEIRO
2017-10-29,2017,10,29,1,FALSO
2017-10-30,2017,10,30,2,FALSO
2017-10-31,2017,10,31,3,FALSO
2017-11-01,2017,11,1,4,FALSO
2017-11-02,2017,11,2,5,FALSO
2017-11-03,2017,11,3,6,VERDADEIRO
2017-11-04,2017,11,4,7,VERDADEIRO
2017-11-05,2017,11,5,1,FALSO
2017-11-06,2017,11,6,2,FALSO
2017-11-07,2017,11,7,3,FALSO
2017-11-08,2017,11,8,4,FALSO
2017-11-09,2017,11,9,5,FALSO
2017-11-10,2017,11,10,6,VERDADEIRO
2017-11-11,2017,11,11,7,VERDADEIRO
2017-11-12,2017,11,12,1,FALSO
2017-11-13,2017,11,13,2,FALSO
2017-11-14,2017,11,14,3,FALSO
2017-11-15,2017,11,15,4,FALSO
2017-11-16,2017,11,16,5,FALSO
2017-11-17,2017,11,17,6,VERDADEIRO
2017-11-18,2017,11,18,7,VERDADEIRO
2017-11-19,2017,11,19,1,FALSO
2017-11-20,2017,11,20,2,FALSO
2017-11-21,2017,11,21,3,FALSO
2017-11-22,2017,11,22,4,FALSO
2017-11-23,2017,11,23,5,FALSO
2017-11-24,2017,11,24,6,VERDADEIRO
2017-11-25,2017,11,25,7,VERDADEIRO
2017-11-26,2017,11,26,1,FALSO
2017-11-27,2017,11,27,2,FALSO
2017-11-28,2017,11,28,3,FALSO
2017-11-29,2017,11,29,4,FALSO
2017-11-30,2017,11,30,5,FALSO
2017-12-01,2017,12,1,6,VERDADEIRO
2017-12-02,2017,12,2,7,VERDADEIRO
2017-12-03,2017,12,3,1,FALSO
2017-12-04,2017,12,4,2,FALSO
2017-12-05,2017,12,5,3,FALSO
2017-12-06,2017,12,6,4,FALSO
2017-12-07,2017,12,7,5,FALSO
2017-12-08,2017,12,8,6,VERDADEIRO
2017-12-09,2017,12,9,7,VERDADEIRO
2017-12-10,2017,12,10,1,FALSO
2017-12-11,2017,12,11,2,FALSO
2017-12-12,2017,12,12,3,FALSO
2017-12-13,2017,12,13,4,FALSO
2017-12-14,2017,12,14,5,FALSO
2017-12-15,2017,12,15,6,VERDADEIRO
2017-12-16,2017,12,16,7,VERDADEIRO
2017-12-17,2017,12,17,1,FALSO
2017-12-18,2017,12,18,2,FALSO
2017-12-19,2017,12,19,3,FALSO
2017-12-20,2017,12,20,4,FALSO
2017-12-21,2017,12,21,5,FALSO
2017-12-22,2017,12,22,6,VERDADEIRO
2017-12-23,2017,12,23,7,VERDADEIRO
2017-12-24,2017,12,24,1,FALSO
2017-12-25,2017,12,25,2,FALSO
2017-12-26,2017,12,26,3,FALSO
2017-12-27,2017,12,27,4,FALSO
2017-12-28,2017,12,28,5,FALSO
2017-12-29,2017,12,29,6,VERDADEIRO
2017-12-30,2017,12,30,7,VERDADEIRO
2017-12-31,2017,12,31,1,FALSO
2018-01-01,2018,1,1,2,FALSO
2018-01-02,2018,1,2,3,FALSO
2018-01-03,2018,1,3,4,FALSO
2018-01-04,2018,1,4,5,FALSO
2018-01-05,2018,1,5,6,VERDADEIRO
2018-01-06,2018,1,6,7,VERDADEIRO
2018-01-07,2018,1,7,1,FALSO
2018-01-08,2018,1,8,2,FALSO
2018-01-09,2018,1,9,3,FALSO
2018-01-10,2018,1,10,4,FALSO
2018-01-11,2018,1,11,5,FALSO
2018-01-12,2018,1,12,6,VERDADEIRO
2018-01-13,2018,1,13,7,VERDADEIRO
2018-01-14,2018,1,14,1,FALSO
2018-01-15,2018,1,15,2,FALSO
2018-01-16,2018,1,16,3,FALSO
2018-01-17,2018,1,17,4,FALSO
2018-01-18,2018,1,18,5,FALSO
2018-01-19,2018,1,19,6,VERDADEIRO
2018-01-20,2018,1,20,7,VERDADEIRO
2018-01-21,2018,1,21,1,FALSO
2018-01-22,2018,1,22,2,FALSO
2018-01-23,2018,1,23,3,FALSO
2018-01-24,2018,1,24,4,FALSO
2018-01-25,2018,1,25,5,FALSO
2018-01-26,2018,1,26,6,VERDADEIRO
2018-01-27,2018,1,27,7,VERDADEIRO
2018-01-28,2018,1,28,1,FALSO
2018-01-29,2018,1,29,2,FALSO
2018-01-30,2018,1,30,3,FALSO
2018-01-31,2018,1,31,4,FALSO
2018-02-01,2018,2,1,5,FALSO
2018-02-02,2018,2,2,6,VERDADEIRO
2018-02-03,2018,2,3,7,VERDADEIRO
2018-02-04,2018,2,4,1,FALSO
2018-02-05,2018,2,5,2,FALSO
2018-02-06,2018,2,6,3,FALSO
2018-02-07,2018,2,7,4,FALSO
2018-02-08,2018,2,8,5,FALSO
2018-02-09,2018,2,9,6,VERDADEIRO
2018-02-10,2018,2,10,7,VERDADEIRO
2018-02-11,2018,2,11,1,FALSO
2018-02-12,2018,2,12,2,FALSO
2018-02-13,2018,2,13,3,FALSO
2018-02-14,2018,2,14,4,FALSO
2018-02-15,2018,2,15,5,FALSO
2018-02-16,2018,2,16,6,VERDADEIRO
2018-02-17,2018,2,17,7,VERDADEIRO
2018-02-18,2018,2,18,1,FALSO
2018-02-19,2018,2,19,2,FALSO
2018-02-20,2018,2,20,3,FALSO
2018-02-21,2018,2,21,4,FALSO
2018-02-22,2018,2,22,5,FALSO
2018-02-23,2018,2,23,6,VERDADEIRO
2018-02-24,2018,2,24,7,VERDADEIRO
2018-02-25,2018,2,25,1,FALSO
2018-02-26,2018,2,26,2,FALSO
2018-02-27,2018,2,27,3,FALSO
2018-02-28,2018,2,28,4,FALSO
2018-03-01,2018,3,1,5,FALSO
2018-03-02,2018,3,2,6,VERDADEIRO
2018-03-03,2018,3,3,7,VERDADEIRO
2018-03-04,2018,3,4,1,FALSO
2018-03-05,2018,3,5,2,FALSO
2018-03-06,2018,3,6,3,FALSO
2018-03-07,2018,3,7,4,FALSO
2018-03-08,2018,3,8,5,FALSO
2018-03-09,2018,3,9,6,VERDADEIRO
2018-03-10,2018,3,10,7,VERDADEIRO
2018-03-11,2018,3,11,1,FALSO
2018-03-12,2018,3,12,2,FALSO
2018-03-13,2018,3,13,3,FALSO
2018-03-14,2018,3,14,4,FALSO
2018-03-15,2018,3,15,5,FALSO
2018-03-16,2018,3,16,6,VERDADEIRO
2018-03-17,2018,3,17,7,VERDADEIRO
2018-03-18,2018,3,18,1,FALSO
2018-03-19,2018,3,19,2,FALSO
2018-03-20,2018,3,20,3,FALSO
2018-03-21,2018,3,21,4,FALSO
2018-03-22,2018,3,22,5,FALSO
2018-03-23,2018,3,23,6,VERDADEIRO
2018-03-24,2018,3,24,7,VERDADEIRO
2018-03-25,2018,3,25,1,FALSO
2018-03-26,2018,3,26,2,FALSO
2018-03-27,2018,3,27,3,FALSO
2018-03-28,2018,3,28,4,FALSO
2018-03-29,2018,3,29,5,FALSO
2018-03-30,2018,3,30,6,VERDADEIRO
2018-03-31,2018,3,31,7,VERDADEIRO
2018-04-01,2018,4,1,1,FALSO
2018-04-02,2018,4,2,2,FALSO
2018-04-03,2018,4,3,3,FALSO
2018-04-04,2018,4,4,4,FALSO
2018-04-05,2018,4,5,5,FALSO
2018-04-06,2018,4,6,6,VERDADEIRO
2018-04-07,2018,4,7,7,VERDADEIRO
2018-04-08,2018,4,8,1,FALSO
2018-04-09,2018,4,9,2,FALSO
2018-04-10,2018,4,10,3,FALSO
2018-04-11,2018,4,11,4,FALSO
2018-04-12,2018,4,12,5,FALSO
2018-04-13,2018,4,13,6,VERDADEIRO
2018-04-14,2018,4,14,7,VERDADEIRO
2018-04-15,2018,4,15,1,FALSO
2018-04-16,2018,4,16,2,FALSO
2018-04-17,2018,4,17,3,FALSO
2018-04-18,2018,4,18,4,FALSO
2018-04-19,2018,4,19,5,FALSO
2018-04-20,2018,4,20,6,VERDADEIRO
2018-04-21,2018,4,21,7,VERDADEIRO
2018-04-22,2018,4,22,1,FALSO
2018-04-23,2018,4,23,2,FALSO
2018-04-24,2018,4,24,3,FALSO
2018-04-25,2018,4,25,4,FALSO
2018-04-26,2018,4,26,5,FALSO
2018-04-27,2018,4,27,6,VERDADEIRO
2018-04-28,2018,4,28,7,VERDADEIRO
2018-04-29,2018,4,29,1,FALSO
2018-04-30,2018,4,30,2,FALSO
2018-05-01,2018,5,1,3,FALSO
2018-05-02,2018,5,2,4,FALSO
2018-05-03,2018,5,3,5,FALSO
2018-05-04,2018,5,4,6,VERDADEIRO
2018-05-05,2018,5,5,7,VERDADEIRO
2018-05-06,2018,5,6,1,FALSO
2018-05-07,2018,5,7,2,FALSO
2018-05-08,2018,5,8,3,FALSO
2018-05-09,2018,5,9,4,FALSO
2018-05-10,2018,5,10,5,FALSO
2018-05-11,2018,5,11,6,VERDADEIRO
2018-05-12,2018,5,12,7,VERDADEIRO
2018-05-13,2018,5,13,1,FALSO
2018-05-14,2018,5,14,2,FALSO
2018-05-15,2018,5,15,3,FALSO
2018-05-16,2018,5,16,4,FALSO
2018-05-17,2018,5,17,5,FALSO
2018-05-18,2018,5,18,6,VERDADEIRO
2018-05-19,2018,5,19,7,VERDADEIRO
2018-05-20,2018,5,20,1,FALSO
2018-05-21,2018,5,21,2,FALSO
2018-05-22,2018,5,22,3,FALSO
2018-05-23,2018,5,23,4,FALSO
2018-05-24,2018,5,24,5,FALSO
2018-05-25,2018,5,25,6,VERDADEIRO
2018-05-26,2018,5,26,7,VERDADEIRO
2018-05-27,2018,5,27,1,FALSO
2018-05-28,2018,5,28,2,FALSO
2018-05-29,2018,5,29,3,FALSO
2018-05-30,2018,5,30,4,FALSO
2018-05-31,2018,5,31,5,FALSO
2018-06-01,2018,6,1,6,VERDADEIRO
2018-06-02,2018,6,2,7,VERDADEIRO
2018-06-03,2018,6,3,1,FALSO
2018-06-04,2018,6,4,2,FALSO
2018-06-05,2018,6,5,3,FALSO
2018-06-06,2018,6,6,4,FALSO
2018-06-07,2018,6,7,5,FALSO
2018-06-08,2018,6,8,6,VERDADEIRO
2018-06-09,2018,6,9,7,VERDADEIRO
2018-06-10,2018,6,10,1,FALSO
2018-06-11,2018,6,11,2,FALSO
2018-06-12,2018,6,12,3,FALSO
2018-06-13,2018,6,13,4,FALSO
2018-06-14,2018,6,14,5,FALSO
2018-06-15,2018,6,15,6,VERDADEIRO
2018-06-16,2018,6,16,7,VERDADEIRO
2018-06-17,2018,6,17,1,FALSO
2018-06-18,2018,6,18,2,FALSO
2018-06-19,2018,6,19,3,FALSO
2018-06-20,2018,6,20,4,FALSO
2018-06-21,2018,6,21,5,FALSO
2018-06-22,2018,6,22,6,VERDADEIRO
2018-06-23,2018,6,23,7,VERDADEIRO
2018-06-24,2018,6,24,1,FALSO
2018-06-25,2018,6,25,2,FALSO
2018-06-26,2018,6,26,3,FALSO
2018-06-27,2018,6,27,4,FALSO
2018-06-28,2018,6,28,5,FALSO
2018-06-29,2018,6,29,6,VERDADEIRO
2018-06-30,2018,6,30,7,VERDADEIRO
2018-07-01,2018,7,1,1,FALSO
2018-07-02,2018,7,2,2,FALSO
2018-07-03,2018,7,3,3,FALSO
2018-07-04,2018,7,4,4,FALSO
2018-07-05,2018,7,5,5,FALSO
2018-07-06,2018,7,6,6,VERDADEIRO
2018-07-07,2018,7,7,7,VERDADEIRO
2018-07-08,2018,7,8,1,FALSO
2018-07-09,2018,7,9,2,FALSO
2018-07-10,2018,7,10,3,FALSO
2018-07-11,2018,7,11,4,FALSO
2018-07-12,2018,7,12,5,FALSO
2018-07-13,2018,7,13,6,VERDADEIRO
2018-07-14,2018,7,14,7,VERDADEIRO
2018-07-15,2018,7,15,1,FALSO
2018-07-16,2018,7,16,2,FALSO
2018-07-17,2018,7,17,3,FALSO
2018-07-18,2018,7,18,4,FALSO
2018-07-19,2018,7,19,5,FALSO
2018-07-20,2018,7,20,6,VERDADEIRO
2018-07-21,2018,7,21,7,VERDADEIRO
2018-07-22,2018,7,22,1,FALSO
2018-07-23,2018,7,23,2,FALSO
2018-07-24,2018,7,24,3,FALSO
2018-07-25,2018,7,25,4,FALSO
2018-07-26,2018,7,26,5,FALSO
2018-07-27,2018,7,27,6,VERDADEIRO
2018-07-28,2018,7,28,7,VERDADEIRO
2018-07-29,2018,7,29,1,FALSO
2018-07-30,2018,7,30,2,FALSO
2018-07-31,2018,7,31,3,FALSO
2018-08-01,2018,8,1,4,FALSO
2018-08-02,2018,8,2,5,FALSO
2018-08-03,2018,8,3,6,VERDADEIRO
2018-08-04,2018,8,4,7,VERDADEIRO
2018-08-05,2018,8,5,1,FALSO
2018-08-06,2018,8,6,2,FALSO
2018-08-07,2018,8,7,3,FALSO
2018-08-08,2018,8,8,4,FALSO
2018-08-09,2018,8,9,5,FALSO
2018-08-10,2018,8,10,6,VERDADEIRO
2018-08-11,2018,8,11,7,VERDADEIRO
2018-08-12,2018,8,12,1,FALSO
2018-08-13,2018,8,13,2,FALSO
2018-08-14,2018,8,14,3,FALSO
2018-08-15,2018,8,15,4,FALSO
2018-08-16,2018,8,16,5,FALSO
2018-08-17,2018,8,17,6,VERDADEIRO
2018-08-18,2018,8,18,7,VERDADEIRO
2018-08-19,2018,8,19,1,FALSO
2018-08-20,2018,8,20,2,FALSO
2018-08-21,2018,8,21,3,FALSO
2018-08-22,2018,8,22,4,FALSO
2018-08-23,2018,8,23,5,FALSO
2018-08-24,2018,8,24,6,VERDADEIRO
2018-08-25,2018,8,25,7,VERDADEIRO
2018-08-26,2018,8,26,1,FALSO
2018-08-27,2018,8,27,2,FALSO
2018-08-28,2018,8,28,3,FALSO
2018-08-29,2018,8,29,4,FALSO
2018-08-30,2018,8,30,5,FALSO
2018-08-31,2018,8,31,6,VERDADEIRO
2018-09-01,2018,9,1,7,VERDADEIRO
2018-09-02,2018,9,2,1,FALSO
2018-09-03,2018,9,3,2,FALSO
2018-09-04,2018,9,4,3,FALSO
2018-09-05,2018,9,5,4,FALSO
2018-09-06,2018,9,6,5,FALSO
2018-09-07,2018,9,7,6,VERDADEIRO
2018-09-08,2018,9,8,7,VERDADEIRO
2018-09-09,2018,9,9,1,FALSO
2018-09-10,2018,9,10,2,FALSO
2018-09-11,2018,9,11,3,FALSO
2018-09-12,2018,9,12,4,FALSO
2018-09-13,2018,9,13,5,FALSO
2018-09-14,2018,9,14,6,VERDADEIRO
2018-09-15,2018,9,15,7,VERDADEIRO
2018-09-16,2018,9,16,1,FALSO
2018-09-17,2018,9,17,2,FALSO
2018-09-18,2018,9,18,3,FALSO
2018-09-19,2018,9,19,4,FALSO
2018-09-20,2018,9,20,5,FALSO
2018-09-21,2018,9,21,6,VERDADEIRO
2018-09-22,2018,9,22,7,VERDADEIRO
2018-09-23,2018,9,23,1,FALSO
2018-09-24,2018,9,24,2,FALSO
2018-09-25,2018,9,25,3,FALSO
2018-09-26,2018,9,26,4,FALSO
2018-09-27,2018,9,27,5,FALSO
2018-09-28,2018,9,28,6,VERDADEIRO
2018-09-29,2018,9,29,7,VERDADEIRO
2018-09-30,2018,9,30,1,FALSO
2018-10-01,2018,10,1,2,FALSO
2018-10-02,2018,10,2,3,FALSO
2018-10-03,2018,10,3,4,FALSO
2018-10-04,2018,10,4,5,FALSO
2018-10-05,2018,10,5,6,VERDADEIRO
2018-10-06,2018,10,6,7,VERDADEIRO
2018-10-07,2018,10,7,1,FALSO
2018-10-08,2018,10,8,2,FALSO
2018-10-09,2018,10,9,3,FALSO
2018-10-10,2018,10,10,4,FALSO
2018-10-11,2018,10,11,5,FALSO
2018-10-12,2018,10,12,6,VERDADEIRO
2018-10-13,2018,10,13,7,VERDADEIRO
2018-10-14,2018,10,14,1,FALSO
2018-10-15,2018,10,15,2,FALSO
2018-10-16,2018,10,16,3,FALSO
2018-10-17,2018,10,17,4,FALSO
2018-10-18,2018,10,18,5,FALSO
2018-10-19,2018,10,19,6,VERDADEIRO
2018-10-20,2018,10,20,7,VERDADEIRO
2018-10-21,2018,10,21,1,FALSO
2018-10-22,2018,10,22,2,FALSO
2018-10-23,2018,10,23,3,FALSO
2018-10-24,2018,10,24,4,FALSO
2018-10-25,2018,10,25,5,FALSO
2018-10-26,2018,10,26,6,VERDADEIRO
2018-10-27,2018,10,27,7,VERDADEIRO
2018-10-28,2018,10,28,1,FALSO
2018-10-29,2018,10,29,2,FALSO
2018-10-30,2018,10,30,3,FALSO
2018-10-31,2018,10,31,4,FALSO
2018-11-01,2018,11,1,5,FALSO
2018-11-02,2018,11,2,6,VERDADEIRO
2018-11-03,2018,11,3,7,VERDADEIRO
2018-11-04,2018,11,4,1,FALSO
2018-11-05,2018,11,5,2,FALSO
2018-11-06,2018,11,6,3,FALSO
2018-11-07,2018,11,7,4,FALSO
2018-11-08,2018,11,8,5,FALSO
2018-11-09,2018,11,9,6,VERDADEIRO
2018-11-10,2018,11,10,7,VERDADEIRO
2018-11-11,2018,11,11,1,FALSO
2018-11-12,2018,11,12,2,FALSO
2018-11-13,2018,11,13,3,FALSO
2018-11-14,2018,11,14,4,FALSO
2018-11-15,2018,11,15,5,FALSO
2018-11-16,2018,11,16,6,VERDADEIRO
2018-11-17,2018,11,17,7,VERDADEIRO
2018-11-18,2018,11,18,1,FALSO
2018-11-19,2018,11,19,2,FALSO
2018-11-20,2018,11,20,3,FALSO
2018-11-21,2018,11,21,4,FALSO
2018-11-22,2018,11,22,5,FALSO
2018-11-23,2018,11,23,6,VERDADEIRO
2018-11-24,2018,11,24,7,VERDADEIRO
2018-11-25,2018,11,25,1,FALSO
2018-11-26,2018,11,26,2,FALSO
2018-11-27,2018,11,27,3,FALSO
2018-11-28,2018,11,28,4,FALSO
2018-11-29,2018,11,29,5,FALSO
2018-11-30,2018,11,30,6,VERDADEIRO
2018-12-01,2018,12,1,7,VERDADEIRO
2018-12-02,2018,12,2,1,FALSO
2018-12-03,2018,12,3,2,FALSO
2018-12-04,2018,12,4,3,FALSO
2018-12-05,2018,12,5,4,FALSO
2018-12-06,2018,12,6,5,FALSO
2018-12-07,2018,12,7,6,VERDADEIRO
2018-12-08,2018,12,8,7,VERDADEIRO
2018-12-09,2018,12,9,1,FALSO
2018-12-10,2018,12,10,2,FALSO
2018-12-11,2018,12,11,3,FALSO
2018-12-12,2018,12,12,4,FALSO
2018-12-13,2018,12,13,5,FALSO
2018-12-14,2018,12,14,6,VERDADEIRO
2018-12-15,2018,12,15,7,VERDADEIRO
2018-12-16,2018,12,16,1,FALSO
2018-12-17,2018,12,17,2,FALSO
2018-12-18,2018,12,18,3,FALSO
2018-12-19,2018,12,19,4,FALSO
2018-12-20,2018,12,20,5,FALSO
2018-12-21,2018,12,21,6,VERDADEIRO
2018-12-22,2018,12,22,7,VERDADEIRO
2018-12-23,2018,12,23,1,FALSO
2018-12-24,2018,12,24,2,FALSO
2018-12-25,2018,12,25,3,FALSO
2018-12-26,2018,12,26,4,FALSO
2018-12-27,2018,12,27,5,FALSO
2018-12-28,2018,12,28,6,VERDADEIRO
2018-12-29,2018,12,29,7,VERDADEIRO
2018-12-30,2018,12,30,1,FALSO
2018-12-31,2018,12,31,2,FALSO
2019-01-01,2019,1,1,3,FALSO
2019-01-02,2019,1,2,4,FALSO
2019-01-03,2019,1,3,5,FALSO
2019-01-04,2019,1,4,6,VERDADEIRO
2019-01-05,2019,1,5,7,VERDADEIRO
2019-01-06,2019,1,6,1,FALSO
2019-01-07,2019,1,7,2,FALSO
2019-01-08,2019,1,8,3,FALSO
2019-01-09,2019,1,9,4,FALSO
2019-01-10,2019,1,10,5,FALSO
2019-01-11,2019,1,11,6,VERDADEIRO
2019-01-12,2019,1,12,7,VERDADEIRO
2019-01-13,2019,1,13,1,FALSO
2019-01-14,2019,1,14,2,FALSO
2019-01-15,2019,1,15,3,FALSO
2019-01-16,2019,1,16,4,FALSO
2019-01-17,2019,1,17,5,FALSO
2019-01-18,2019,1,18,6,VERDADEIRO
2019-01-19,2019,1,19,7,VERDADEIRO
2019-01-20,2019,1,20,1,FALSO
2019-01-21,2019,1,21,2,FALSO
2019-01-22,2019,1,22,3,FALSO
2019-01-23,2019,1,23,4,FALSO
2019-01-24,2019,1,24,5,FALSO
2019-01-25,2019,1,25,6,VERDADEIRO
2019-01-26,2019,1,26,7,VERDADEIRO
2019-01-27,2019,1,27,1,FALSO
2019-01-28,2019,1,28,2,FALSO
2019-01-29,2019,1,29,3,FALSO
2019-01-30,2019,1,30,4,FALSO
2019-01-31,2019,1,31,5,FALSO
2019-02-01,2019,2,1,6,VERDADEIRO
2019-02-02,2019,2,2,7,VERDADEIRO
2019-02-03,2019,2,3,1,FALSO
2019-02-04,2019,2,4,2,FALSO
2019-02-05,2019,2,5,3,FALSO
2019-02-06,2019,2,6,4,FALSO
2019-02-07,2019,2,7,5,FALSO
2019-02-08,2019,2,8,6,VERDADEIRO
2019-02-09,2019,2,9,7,VERDADEIRO
2019-02-10,2019,2,10,1,FALSO
2019-02-11,2019,2,11,2,FALSO
2019-02-12,2019,2,12,3,FALSO
2019-02-13,2019,2,13,4,FALSO
2019-02-14,2019,2,14,5,FALSO
2019-02-15,2019,2,15,6,VERDADEIRO
2019-02-16,2019,2,16,7,VERDADEIRO
2019-02-17,2019,2,17,1,FALSO
2019-02-18,2019,2,18,2,FALSO
2019-02-19,2019,2,19,3,FALSO
2019-02-20,2019,2,20,4,FALSO
2019-02-21,2019,2,21,5,FALSO
2019-02-22,2019,2,22,6,VERDADEIRO
2019-02-23,2019,2,23,7,VERDADEIRO
2019-02-24,2019,2,24,1,FALSO
2019-02-25,2019,2,25,2,FALSO
2019-02-26,2019,2,26,3,FALSO
2019-02-27,2019,2,27,4,FALSO
2019-02-28,2019,2,28,5,FALSO
2019-03-01,2019,3,1,6,VERDADEIRO
2019-03-02,2019,3,2,7,VERDADEIRO
2019-03-03,2019,3,3,1,FALSO
2019-03-04,2019,3,4,2,FALSO
2019-03-05,2019,3,5,3,FALSO
2019-03-06,2019,3,6,4,FALSO
2019-03-07,2019,3,7,5,FALSO
2019-03-08,2019,3,8,6,VERDADEIRO
2019-03-09,2019,3,9,7,VERDADEIRO
2019-03-10,2019,3,10,1,FALSO
2019-03-11,2019,3,11,2,FALSO
2019-03-12,2019,3,12,3,FALSO
2019-03-13,2019,3,13,4,FALSO
2019-03-14,2019,3,14,5,FALSO
2019-03-15,2019,3,15,6,VERDADEIRO
2019-03-16,2019,3,16,7,VERDADEIRO
2019-03-17,2019,3,17,1,FALSO
2019-03-18,2019,3,18,2,FALSO
2019-03-19,2019,3,19,3,FALSO
2019-03-20,2019,3,20,4,FALSO
2019-03-21,2019,3,21,5,FALSO
2019-03-22,2019,3,22,6,VERDADEIRO
2019-03-23,2019,3,23,7,VERDADEIRO
2019-03-24,2019,3,24,1,FALSO
2019-03-25,2019,3,25,2,FALSO
2019-03-26,2019,3,26,3,FALSO
2019-03-27,2019,3,27,4,FALSO
2019-03-28,2019,3,28,5,FALSO
2019-03-29,2019,3,29,6,VERDADEIRO
2019-03-30,2019,3,30,7,VERDADEIRO
2019-03-31,2019,3,31,1,FALSO
2019-04-01,2019,4,1,2,FALSO
2019-04-02,2019,4,2,3,FALSO
2019-04-03,2019,4,3,4,FALSO
2019-04-04,2019,4,4,5,FALSO
2019-04-05,2019,4,5,6,VERDADEIRO
2019-04-06,2019,4,6,7,VERDADEIRO
2019-04-07,2019,4,7,1,FALSO
2019-04-08,2019,4,8,2,FALSO
2019-04-09,2019,4,9,3,FALSO
2019-04-10,2019,4,10,4,FALSO
2019-04-11,2019,4,11,5,FALSO
2019-04-12,2019,4,12,6,VERDADEIRO
2019-04-13,2019,4,13,7,VERDADEIRO
2019-04-14,2019,4,14,1,FALSO
2019-04-15,2019,4,15,2,FALSO
2019-04-16,2019,4,16,3,FALSO
2019-04-17,2019,4,17,4,FALSO
2019-04-18,2019,4,18,5,FALSO
2019-04-19,2019,4,19,6,VERDADEIRO
2019-04-20,2019,4,20,7,VERDADEIRO
2019-04-21,2019,4,21,1,FALSO
2019-04-22,2019,4,22,2,FALSO
2019-04-23,2019,4,23,3,FALSO
2019-04-24,2019,4,24,4,FALSO
2019-04-25,2019,4,25,5,FALSO
2019-04-26,2019,4,26,6,VERDADEIRO
2019-04-27,2019,4,27,7,VERDADEIRO
2019-04-28,2019,4,28,1,FALSO
2019-04-29,2019,4,29,2,FALSO
2019-04-30,2019,4,30,3,FALSO
2019-05-01,2019,5,1,4,FALSO
2019-05-02,2019,5,2,5,FALSO
2019-05-03,2019,5,3,6,VERDADEIRO
2019-05-04,2019,5,4,7,VERDADEIRO
2019-05-05,2019,5,5,1,FALSO
2019-05-06,2019,5,6,2,FALSO
2019-05-07,2019,5,7,3,FALSO
2019-05-08,2019,5,8,4,FALSO
2019-05-09,2019,5,9,5,FALSO
2019-05-10,2019,5,10,6,VERDADEIRO
2019-05-11,2019,5,11,7,VERDADEIRO
2019-05-12,2019,5,12,1,FALSO
2019-05-13,2019,5,13,2,FALSO
2019-05-14,2019,5,14,3,FALSO
2019-05-15,2019,5,15,4,FALSO
2019-05-16,2019,5,16,5,FALSO
2019-05-17,2019,5,17,6,VERDADEIRO
2019-05-18,2019,5,18,7,VERDADEIRO
2019-05-19,2019,5,19,1,FALSO
2019-05-20,2019,5,20,2,FALSO
2019-05-21,2019,5,21,3,FALSO
2019-05-22,2019,5,22,4,FALSO
2019-05-23,2019,5,23,5,FALSO
2019-05-24,2019,5,24,6,VERDADEIRO
2019-05-25,2019,5,25,7,VERDADEIRO
2019-05-26,2019,5,26,1,FALSO
2019-05-27,2019,5,27,2,FALSO
2019-05-28,2019,5,28,3,FALSO
2019-05-29,2019,5,29,4,FALSO
2019-05-30,2019,5,30,5,FALSO
2019-05-31,2019,5,31,6,VERDADEIRO
2019-06-01,2019,6,1,7,VERDADEIRO
2019-06-02,2019,6,2,1,FALSO
2019-06-03,2019,6,3,2,FALSO
2019-06-04,2019,6,4,3,FALSO
2019-06-05,2019,6,5,4,FALSO
2019-06-06,2019,6,6,5,FALSO
2019-06-07,2019,6,7,6,VERDADEIRO
2019-06-08,2019,6,8,7,VERDADEIRO
2019-06-09,2019,6,9,1,FALSO
2019-06-10,2019,6,10,2,FALSO
2019-06-11,2019,6,11,3,FALSO
2019-06-12,2019,6,12,4,FALSO
2019-06-13,2019,6,13,5,FALSO
2019-06-14,2019,6,14,6,VERDADEIRO
2019-06-15,2019,6,15,7,VERDADEIRO
2019-06-16,2019,6,16,1,FALSO
2019-06-17,2019,6,17,2,FALSO
2019-06-18,2019,6,18,3,FALSO
2019-06-19,2019,6,19,4,FALSO
2019-06-20,2019,6,20,5,FALSO
2019-06-21,2019,6,21,6,VERDADEIRO
2019-06-22,2019,6,22,7,VERDADEIRO
2019-06-23,2019,6,23,1,FALSO
2019-06-24,2019,6,24,2,FALSO
2019-06-25,2019,6,25,3,FALSO
2019-06-26,2019,6,26,4,FALSO
2019-06-27,2019,6,27,5,FALSO
2019-06-28,2019,6,28,6,VERDADEIRO
2019-06-29,2019,6,29,7,VERDADEIRO
2019-06-30,2019,6,30,1,FALSO
2019-07-01,2019,7,1,2,FALSO
2019-07-02,2019,7,2,3,FALSO
2019-07-03,2019,7,3,4,FALSO
2019-07-04,2019,7,4,5,FALSO
2019-07-05,2019,7,5,6,VERDADEIRO
2019-07-06,2019,7,6,7,VERDADEIRO
2019-07-07,2019,7,7,1,FALSO
2019-07-08,2019,7,8,2,FALSO
2019-07-09,2019,7,9,3,FALSO
2019-07-10,2019,7,10,4,FALSO
2019-07-11,2019,7,11,5,FALSO
2019-07-12,2019,7,12,6,VERDADEIRO
2019-07-13,2019,7,13,7,VERDADEIRO
2019-07-14,2019,7,14,1,FALSO
2019-07-15,2019,7,15,2,FALSO
2019-07-16,2019,7,16,3,FALSO
2019-07-17,2019,7,17,4,FALSO
2019-07-18,2019,7,18,5,FALSO
2019-07-19,2019,7,19,6,VERDADEIRO
2019-07-20,2019,7,20,7,VERDADEIRO
2019-07-21,2019,7,21,1,FALSO
2019-07-22,2019,7,22,2,FALSO
2019-07-23,2019,7,23,3,FALSO
2019-07-24,2019,7,24,4,FALSO
2019-07-25,2019,7,25,5,FALSO
2019-07-26,2019,7,26,6,VERDADEIRO
2019-07-27,2019,7,27,7,VERDADEIRO
2019-07-28,2019,7,28,1,FALSO
2019-07-29,2019,7,29,2,FALSO
2019-07-30,2019,7,30,3,FALSO
2019-07-31,2019,7,31,4,FALSO
2019-08-01,2019,8,1,5,FALSO
2019-08-02,2019,8,2,6,VERDADEIRO
2019-08-03,2019,8,3,7,VERDADEIRO
2019-08-04,2019,8,4,1,FALSO
2019-08-05,2019,8,5,2,FALSO
2019-08-06,2019,8,6,3,FALSO
2019-08-07,2019,8,7,4,FALSO
2019-08-08,2019,8,8,5,FALSO
2019-08-09,2019,8,9,6,VERDADEIRO
2019-08-10,2019,8,10,7,VERDADEIRO
2019-08-11,2019,8,11,1,FALSO
2019-08-12,2019,8,12,2,FALSO
2019-08-13,2019,8,13,3,FALSO
2019-08-14,2019,8,14,4,FALSO
2019-08-15,2019,8,15,5,FALSO
2019-08-16,2019,8,16,6,VERDADEIRO
2019-08-17,2019,8,17,7,VERDADEIRO
2019-08-18,2019,8,18,1,FALSO
2019-08-19,2019,8,19,2,FALSO
2019-08-20,2019,8,20,3,FALSO
2019-08-21,2019,8,21,4,FALSO
2019-08-22,2019,8,22,5,FALSO
2019-08-23,2019,8,23,6,VERDADEIRO
2019-08-24,2019,8,24,7,VERDADEIRO
2019-08-25,2019,8,25,1,FALSO
2019-08-26,2019,8,26,2,FALSO
2019-08-27,2019,8,27,3,FALSO
2019-08-28,2019,8,28,4,FALSO
2019-08-29,2019,8,29,5,FALSO
2019-08-30,2019,8,30,6,VERDADEIRO
2019-08-31,2019,8,31,7,VERDADEIRO
2019-09-01,2019,9,1,1,FALSO
2019-09-02,2019,9,2,2,FALSO
2019-09-03,2019,9,3,3,FALSO
2019-09-04,2019,9,4,4,FALSO
2019-09-05,2019,9,5,5,FALSO
2019-09-06,2019,9,6,6,VERDADEIRO
2019-09-07,2019,9,7,7,VERDADEIRO
2019-09-08,2019,9,8,1,FALSO
2019-09-09,2019,9,9,2,FALSO
2019-09-10,2019,9,10,3,FALSO
2019-09-11,2019,9,11,4,FALSO
2019-09-12,2019,9,12,5,FALSO
2019-09-13,2019,9,13,6,VERDADEIRO
2019-09-14,2019,9,14,7,VERDADEIRO
2019-09-15,2019,9,15,1,FALSO
2019-09-16,2019,9,16,2,FALSO
2019-09-17,2019,9,17,3,FALSO
2019-09-18,2019,9,18,4,FALSO
2019-09-19,2019,9,19,5,FALSO
2019-09-20,2019,9,20,6,VERDADEIRO
2019-09-21,2019,9,21,7,VERDADEIRO
2019-09-22,2019,9,22,1,FALSO
2019-09-23,2019,9,23,2,FALSO
2019-09-24,2019,9,24,3,FALSO
2019-09-25,2019,9,25,4,FALSO
2019-09-26,2019,9,26,5,FALSO
2019-09-27,2019,9,27,6,VERDADEIRO
2019-09-28,2019,9,28,7,VERDADEIRO
2019-09-29,2019,9,29,1,FALSO
2019-09-30,2019,9,30,2,FALSO
2019-10-01,2019,10,1,3,FALSO
2019-10-02,2019,10,2,4,FALSO
2019-10-03,2019,10,3,5,FALSO
2019-10-04,2019,10,4,6,VERDADEIRO
2019-10-05,2019,10,5,7,VERDADEIRO
2019-10-06,2019,10,6,1,FALSO
2019-10-07,2019,10,7,2,FALSO
2019-10-08,2019,10,8,3,FALSO
2019-10-09,2019,10,9,4,FALSO
2019-10-10,2019,10,10,5,FALSO
2019-10-11,2019,10,11,6,VERDADEIRO
2019-10-12,2019,10,12,7,VERDADEIRO
2019-10-13,2019,10,13,1,FALSO
2019-10-14,2019,10,14,2,FALSO
2019-10-15,2019,10,15,3,FALSO
2019-10-16,2019,10,16,4,FALSO
2019-10-17,2019,10,17,5,FALSO
2019-10-18,2019,10,18,6,VERDADEIRO
2019-10-19,2019,10,19,7,VERDADEIRO
2019-10-20,2019,10,20,1,FALSO
2019-10-21,2019,10,21,2,FALSO
2019-10-22,2019,10,22,3,FALSO
2019-10-23,2019,10,23,4,FALSO
2019-10-24,2019,10,24,5,FALSO
2019-10-25,2019,10,25,6,VERDADEIRO
2019-10-26,2019,10,26,7,VERDADEIRO
2019-10-27,2019,10,27,1,FALSO
2019-10-28,2019,10,28,2,FALSO
2019-10-29,2019,10,29,3,FALSO
2019-10-30,2019,10,30,4,FALSO
2019-10-31,2019,10,31,5,FALSO
2019-11-01,2019,11,1,6,VERDADEIRO
2019-11-02,2019,11,2,7,VERDADEIRO
2019-11-03,2019,11,3,1,FALSO
2019-11-04,2019,11,4,2,FALSO
2019-11-05,2019,11,5,3,FALSO
2019-11-06,2019,11,6,4,FALSO
2019-11-07,2019,11,7,5,FALSO
2019-11-08,2019,11,8,6,VERDADEIRO
2019-11-09,2019,11,9,7,VERDADEIRO
2019-11-10,2019,11,10,1,FALSO
2019-11-11,2019,11,11,2,FALSO
2019-11-12,2019,11,12,3,FALSO
2019-11-13,2019,11,13,4,FALSO
2019-11-14,2019,11,14,5,FALSO
2019-11-15,2019,11,15,6,VERDADEIRO
2019-11-16,2019,11,16,7,VERDADEIRO
2019-11-17,2019,11,17,1,FALSO
2019-11-18,2019,11,18,2,FALSO
2019-11-19,2019,11,19,3,FALSO
2019-11-20,2019,11,20,4,FALSO
2019-11-21,2019,11,21,5,FALSO
2019-11-22,2019,11,22,6,VERDADEIRO
2019-11-23,2019,11,23,7,VERDADEIRO
2019-11-24,2019,11,24,1,FALSO
2019-11-25,2019,11,25,2,FALSO
2019-11-26,2019,11,26,3,FALSO
2019-11-27,2019,11,27,4,FALSO
2019-11-28,2019,11,28,5,FALSO
2019-11-29,2019,11,29,6,VERDADEIRO
2019-11-30,2019,11,30,7,VERDADEIRO
2019-12-01,2019,12,1,1,FALSO
2019-12-02,2019,12,2,2,FALSO
2019-12-03,2019,12,3,3,FALSO
2019-12-04,2019,12,4,4,FALSO
2019-12-05,2019,12,5,5,FALSO
2019-12-06,2019,12,6,6,VERDADEIRO
2019-12-07,2019,12,7,7,VERDADEIRO
2019-12-08,2019,12,8,1,FALSO
2019-12-09,2019,12,9,2,FALSO
2019-12-10,2019,12,10,3,FALSO
2019-12-11,2019,12,11,4,FALSO
2019-12-12,2019,12,12,5,FALSO
2019-12-13,2019,12,13,6,VERDADEIRO
2019-12-14,2019,12,14,7,VERDADEIRO
2019-12-15,2019,12,15,1,FALSO
2019-12-16,2019,12,16,2,FALSO
2019-12-17,2019,12,17,3,FALSO
2019-12-18,2019,12,18,4,FALSO
2019-12-19,2019,12,19,5,FALSO
2019-12-20,2019,12,20,6,VERDADEIRO
2019-12-21,2019,12,21,7,VERDADEIRO
2019-12-22,2019,12,22,1,FALSO
2019-12-23,2019,12,23,2,FALSO
2019-12-24,2019,12,24,3,FALSO
2019-12-25,2019,12,25,4,FALSO
2019-12-26,2019,12,26,5,FALSO
2019-12-27,2019,12,27,6,VERDADEIRO
2019-12-28,2019,12,28,7,VERDADEIRO
2019-12-29,2019,12,29,1,FALSO
2019-12-30,2019,12,30,2,FALSO
2019-12-31,2019,12,31,3,FALSO